Group Signal ,Sx,Frame 102951,
Format,Mag/Phase,Scaling,EU
Signals,S:1,,S:3,
Chan,1,,3,
Chan Name,I_001,,I_003,
Point,0 X,,0 X,

Hz,g,deg,mm/s,deg
Scaling,Mag,Phase,Mag,Phase
        6.00168,     0.09961166,              0,       134.8006,      -98.82571
       6.003516,     0.09943433,              0,       142.0438,      -106.0291
       6.005352,     0.09909242,              0,       138.6592,      -99.95037
       6.007187,     0.09760641,              0,       142.2935,      -100.4694
       6.009024,     0.09833527,              0,       136.5486,      -100.4513
       6.010859,     0.09822562,              0,       139.5435,      -98.39732
       6.012695,     0.09884324,              0,       140.5254,      -97.07909
       6.014493,      0.1001365,              0,       140.3508,      -101.4288
       6.016328,       0.101405,              0,       133.6655,       -98.7551
       6.018164,      0.1005996,              0,       142.0647,      -101.3631
           6.02,       0.101824,              0,       141.4783,      -102.4784
       6.021836,     0.09973668,              0,       143.1394,      -101.0252
       6.023672,     0.09999751,              0,       143.1311,      -101.5184
       6.025508,     0.09987708,              0,       143.2996,       -101.219
       6.027344,      0.1000044,              0,         142.22,      -101.1869
       6.029141,     0.09992929,              0,       143.2666,      -101.4049
       6.030977,     0.09955402,              0,       142.0469,      -101.3759
       6.032813,       0.099846,              0,        144.166,      -100.5329
       6.034648,      0.0997085,              0,       144.8437,      -101.7465
       6.036484,     0.09938338,              0,       142.2332,      -101.3422
       6.038321,      0.1002488,              0,       143.4447,      -100.5107
       6.040156,       0.100251,              0,       145.8725,      -102.6657
       6.041992,      0.1007969,              0,        144.397,      -101.3021
       6.043828,       0.100133,              0,       147.5578,      -101.7489
       6.045625,     0.09957194,              0,        146.083,      -102.9532
       6.047481,     0.09961329,              0,       143.3866,      -100.4771
       6.049316,     0.09975532,              0,       149.6193,       -100.853
       6.051152,      0.1000347,              0,       147.2404,      -102.0327
       6.052949,     0.09887263,              0,       145.9151,      -101.0877
       6.054785,      0.1000629,              0,       147.8669,      -100.1404
       6.056621,      0.1006635,              0,       149.8313,      -101.0263
       6.058457,      0.1001308,              0,       148.4221,      -102.3662
       6.060293,     0.09956592,              0,       143.9954,       -101.797
       6.062129,     0.09924378,              0,       147.1014,      -99.87458
       6.063965,     0.09960789,              0,       152.3156,       -101.124
       6.065801,      0.1009989,              0,       149.6808,      -101.7477
       6.067598,     0.09882341,              0,       148.5929,      -101.1017
       6.069434,     0.09972326,              0,       148.4755,      -100.7917
        6.07127,     0.09995875,              0,       153.7386,       -100.226
       6.073105,     0.09873136,              0,        154.076,      -102.1688
       6.074942,      0.1001213,              0,       146.9291,      -101.1029
       6.076777,     0.09845006,              0,       153.2459,      -100.3224
       6.078613,      0.1005284,              0,       153.2405,      -101.0074
       6.080449,       0.101398,              0,       150.7591,      -102.3423
       6.082285,      0.1002507,              0,       152.6462,      -99.68099
       6.084082,     0.09965184,              0,       154.7149,      -101.3448
       6.085918,      0.1002145,              0,       153.3874,      -101.5124
       6.087754,     0.09999289,              0,       152.5787,      -102.1341
        6.08959,      0.1002556,              0,       154.6094,      -100.6649
       6.091426,     0.09947994,              0,       157.4893,        -102.51
       6.093262,      0.1003653,              0,       152.7195,      -102.5245
       6.095098,     0.09821003,              0,        154.464,      -101.0853
       6.096934,     0.09955826,              0,       156.5538,      -101.4986
       6.098731,     0.09997518,              0,       155.6294,      -101.7215
       6.100566,      0.1001504,              0,       155.0862,      -100.5626
       6.102402,      0.1008579,              0,       158.0403,      -100.4066
       6.104239,      0.1004561,              0,       161.3054,       -101.453
       6.106074,     0.09900136,              0,       157.5609,      -103.5417
        6.10791,     0.09821154,              0,       151.3727,      -101.8285
       6.109746,     0.09608888,              0,       158.3447,      -100.0493
       6.111582,      0.1009518,              0,       162.8668,      -99.81165
       6.113379,     0.09984124,              0,       166.7526,      -103.4173
       6.115215,      0.1012625,              0,       154.7155,      -103.1218
       6.117051,     0.09975248,              0,       157.3673,      -100.3309
       6.118887,      0.1004491,              0,       162.7659,      -100.7259
       6.120723,      0.1009009,              0,       159.9416,      -101.2091
       6.122559,     0.09975853,              0,       161.7349,      -101.2396
       6.124394,     0.09992561,              0,       161.5957,      -101.0863
       6.126231,      0.0997547,              0,       162.8517,      -101.3605
       6.128067,     0.09969164,              0,       162.3356,      -100.8646
       6.129863,     0.09993576,              0,       164.5078,      -100.4982
       6.131699,      0.1001391,              0,       165.9789,      -100.9686
       6.133535,      0.0996464,              0,        164.717,      -102.3299
       6.135371,     0.09960466,              0,       162.4022,      -101.3464
       6.137207,      0.1000623,              0,       166.5798,      -100.3338
       6.139023,      0.1001068,              0,       167.5201,      -101.7702
        6.14086,     0.09971431,              0,       165.1986,      -102.1759
       6.142695,     0.09949431,              0,       163.2286,      -101.2373
       6.144531,     0.09966329,              0,       166.5789,      -100.4077
       6.146367,     0.09995265,              0,       170.2057,      -100.7924
       6.148203,       0.100181,              0,       171.7493,      -101.5799
       6.150039,     0.09990259,              0,       169.8049,      -102.3259
       6.151836,     0.09936888,              0,       165.8469,        -102.04
       6.153672,     0.09984408,              0,       168.5943,      -100.2743
       6.155528,      0.1002004,              0,       174.3766,      -101.3882
       6.157344,     0.09993895,              0,       171.9675,      -102.4591
        6.15918,     0.09947239,              0,       167.5916,       -102.117
       6.161016,     0.09954153,              0,       168.2448,      -100.6734
       6.162852,      0.0999665,              0,       172.8052,      -100.4897
       6.164688,      0.1001574,              0,       175.7822,      -101.7737
       6.166523,     0.09977268,              0,       172.2188,      -102.5486
        6.16832,     0.09961765,              0,        169.835,      -101.9488
       6.170156,     0.09957468,              0,       171.3914,      -100.8769
       6.171992,      0.1000204,              0,       176.2267,      -100.9493
       6.173828,      0.1000465,              0,       176.8385,      -101.7571
       6.175664,      0.0998379,              0,       174.4281,      -102.0371
         6.1775,     0.09965654,              0,       172.9615,      -101.7422
       6.179336,      0.1000115,              0,       176.3827,      -101.2379
       6.181172,     0.09996781,              0,       177.3119,      -101.9491
       6.182969,     0.09952998,              0,       175.0503,      -102.1592
       6.184805,     0.09963499,              0,       174.6544,      -101.2044
       6.186641,     0.09991124,              0,       179.3815,      -100.9728
       6.188477,      0.1001021,              0,       181.0067,      -101.8289
       6.190312,     0.09971982,              0,       178.6392,      -102.6263
       6.192149,     0.09957554,              0,       176.0207,      -101.9143
       6.193985,     0.09987872,              0,       179.1779,      -101.0645
        6.19582,     0.09992468,              0,       181.2652,      -101.3774
       6.197656,      0.0997708,              0,       180.2669,      -101.6232
       6.199453,     0.09976552,              0,       181.0767,      -101.4037
       6.201289,     0.09986474,              0,       182.2254,       -101.285
       6.203125,      0.0999081,              0,       183.7257,      -101.4691
       6.204961,     0.09965718,              0,       182.5104,      -101.6311
       6.206797,     0.09998433,              0,       184.3426,      -101.1546
       6.208633,     0.09993072,              0,       186.0604,       -101.937
       6.210469,     0.09972846,              0,       184.5646,      -102.0653
       6.212305,     0.09976251,              0,        184.372,      -101.3474
       6.214102,      0.0998483,              0,       186.3835,      -101.5558
       6.215938,     0.09996614,              0,       187.7505,      -101.6955
       6.217773,     0.09977505,              0,       187.4927,      -102.0274
       6.219609,     0.09972761,              0,       186.8179,      -101.7302
       6.221446,     0.09978848,              0,       189.3985,      -101.4856
       6.223281,     0.09978988,              0,       189.1404,      -101.7976
       6.225117,     0.09990405,              0,       189.5667,      -101.4326
       6.226953,     0.09989492,              0,       190.7953,      -101.8195
        6.22875,        0.09972,              0,       189.4047,      -101.9471
       6.230586,     0.09978337,              0,       189.1156,      -101.3734
       6.232441,     0.09987086,              0,       192.2286,      -101.1804
       6.234277,     0.09973683,              0,       193.5557,      -101.4711
       6.236074,     0.09969246,              0,       193.2305,       -101.788
        6.23791,     0.09996063,              0,       193.0357,      -101.8991
       6.239746,      0.1002124,              0,       194.4933,      -101.6658
       6.241582,      0.1016555,              0,       195.8716,      -101.3745
       6.243418,      0.1002706,              0,       198.4596,      -102.6309
       6.245254,     0.09975419,              0,       193.8044,      -102.9323
        6.24709,     0.09956976,              0,       193.3927,      -101.8639
       6.248926,     0.09996592,              0,       195.8305,      -101.1045
       6.250762,       0.100186,              0,       200.3214,      -101.3453
       6.252559,      0.0999634,              0,       200.1224,      -102.0826
       6.254395,     0.09933307,              0,       197.7626,      -101.8637
        6.25623,     0.09928586,              0,       198.2516,      -101.4145
       6.258067,     0.09997677,              0,       201.7059,      -100.5557
       6.259902,      0.1002559,              0,       205.5838,      -101.1297
       6.261738,       0.100387,              0,       204.5442,      -102.0262
       6.263574,      0.0999976,              0,       201.6528,      -102.6236
        6.26541,     0.09964129,              0,       199.9646,      -101.6775
       6.267207,     0.09957474,              0,       202.3803,       -101.305
       6.269043,     0.09990237,              0,       206.0526,      -101.2845
       6.270879,     0.09996378,              0,       207.6837,      -101.6254
       6.272715,     0.09994044,              0,       207.3135,      -102.2741
       6.274551,     0.09973677,              0,       204.6494,      -102.4001
       6.276387,     0.09956548,              0,       203.8138,       -101.942
       6.278223,     0.09946361,              0,        206.166,      -101.3246
       6.280059,     0.09986341,              0,       209.2626,       -101.072
       6.281895,      0.1001114,              0,       213.7894,      -101.7551
       6.283691,      0.1001392,              0,       213.7953,      -103.0523
       6.285527,     0.09962562,              0,       210.2299,      -103.0544
       6.287364,     0.09952646,              0,       209.2533,      -102.2611
       6.289199,     0.09955213,              0,       211.1084,      -101.6195
       6.291035,      0.1000344,              0,       216.1152,      -101.7094
       6.292871,      0.1000791,              0,       217.9575,      -102.6348
       6.294707,     0.09974563,              0,       214.2089,      -102.7451
       6.296543,     0.09935059,              0,       212.2899,      -101.9742
        6.29834,     0.09942356,              0,       215.3612,      -101.1073
       6.300176,      0.1004212,              0,       222.5377,      -100.9916
       6.302012,      0.1002918,              0,        224.053,      -102.6426
       6.303848,     0.09976654,              0,       218.4956,      -103.6047
       6.305684,     0.09942085,              0,        215.475,      -102.5908
       6.307519,     0.09942245,              0,       216.7421,      -101.6463
       6.309356,      0.0997546,              0,        222.106,      -101.1828
       6.311192,      0.1003876,              0,       226.4016,       -102.006
       6.312988,     0.09998392,              0,       226.2677,      -102.9097
       6.314824,     0.09972834,              0,       221.5149,      -103.1422
        6.31666,     0.09931034,              0,       219.4746,      -102.0809
       6.318496,     0.09969135,              0,       222.2504,      -101.1204
       6.320332,      0.1001589,              0,       228.6909,      -101.2468
       6.322168,      0.1001043,              0,       229.9451,      -102.6551
       6.324004,     0.09965864,              0,       226.2302,      -103.1548
        6.32584,     0.09950153,              0,       225.2338,      -102.1474
       6.327656,     0.09979288,              0,       227.4731,       -101.468
       6.329492,      0.1000678,              0,       232.0782,      -101.8317
       6.331328,     0.09998009,              0,       233.5037,      -102.4924
       6.333164,     0.09983381,              0,       232.1543,      -102.7731
          6.335,     0.09982052,              0,       230.7295,      -102.7015
       6.336816,     0.09964397,              0,       231.7276,      -102.4726
       6.338633,     0.09975269,              0,       232.9338,      -101.8408
       6.340469,     0.09967981,              0,       235.4703,      -101.8872
       6.342305,     0.09997225,              0,       237.9175,      -102.1308
       6.344141,      0.1000037,              0,       240.8819,      -102.3407
       6.345977,       0.100042,              0,       240.4818,      -103.0504
       6.347813,     0.09961633,              0,       237.7756,      -103.1219
       6.349648,     0.09949306,              0,       236.4289,      -102.5914
       6.351445,     0.09973668,              0,       239.5906,      -101.7373
       6.353281,      0.1000048,              0,       243.5679,      -101.7412
       6.355117,      0.1001589,              0,       244.5156,      -102.4449
       6.356953,     0.09964456,              0,       242.8867,      -102.7676
       6.358789,     0.09952766,              0,       241.2091,      -102.3957
       6.360625,      0.0993749,              0,       242.1993,      -101.4982
       6.362461,     0.09986144,              0,       247.4187,      -101.3491
       6.364297,      0.1002361,              0,       253.6971,      -101.8943
       6.366133,      0.1001604,              0,       252.0626,      -103.3564
        6.36793,     0.09990434,              0,       249.9511,      -103.7792
       6.369766,      0.0996122,              0,       247.0652,       -103.217
       6.371602,      0.0994361,              0,       247.2402,      -102.2697
       6.373437,     0.09978464,              0,       250.0064,      -101.4551
       6.375274,     0.09993836,              0,       253.8401,      -101.8493
        6.37711,     0.09987815,              0,       256.4286,      -102.3182
       6.378945,     0.09993392,              0,       256.5779,      -102.9086
       6.380781,     0.09987469,              0,        256.912,      -103.1117
       6.382578,     0.09976609,              0,       255.9792,      -103.2538
       6.384414,     0.09967301,              0,        256.172,      -102.8642
        6.38625,     0.09972001,              0,       256.8105,      -102.7679
       6.388086,     0.09977603,              0,       259.8193,      -102.5294
       6.389922,     0.09980936,              0,       261.9495,      -102.6589
       6.391758,     0.09986319,              0,       263.6049,      -102.9428
       6.393594,     0.09985922,              0,       264.7305,      -103.1194
        6.39543,     0.09983218,              0,       264.9663,       -103.365
       6.397227,     0.09988004,              0,       265.0757,      -103.2067
       6.399063,     0.09965359,              0,       265.5228,      -103.2898
       6.400898,     0.09967106,              0,       266.2267,       -102.757
       6.402734,     0.09966207,              0,       268.6555,       -102.749
       6.404571,     0.09995895,              0,       271.4068,      -102.5114
       6.406406,     0.09995207,              0,       272.9984,      -102.9325
       6.408242,     0.09979423,              0,        273.128,      -103.1694
       6.410078,     0.09982595,              0,       272.7947,       -103.315
       6.411914,     0.09986821,              0,       273.6312,      -103.2279
       6.413711,     0.09983557,              0,       274.6199,      -103.2129
       6.415547,     0.09959358,              0,       274.2869,      -103.2711
       6.417383,     0.09961467,              0,       275.7528,      -102.7827
       6.419219,      0.0997891,              0,       278.4881,      -102.7064
       6.421055,     0.09990777,              0,       280.8746,      -102.7738
       6.422891,     0.09994552,              0,       283.0358,      -103.2682
       6.424726,     0.09974498,              0,       282.6371,      -103.5688
       6.426543,     0.09988083,              0,       282.9294,      -103.3061
       6.428379,     0.09969061,              0,       282.8961,      -103.1463
       6.430215,     0.09947813,              0,       283.1924,      -102.8929
       6.432051,     0.09961289,              0,       285.1294,      -102.4598
       6.433887,     0.09949745,              0,       287.3906,      -102.0914
       6.435684,     0.09979694,              0,       291.2109,      -102.0241
        6.43752,     0.09988493,              0,       294.7194,      -102.5775
       6.439355,      0.1002763,              0,        297.187,       -103.108
       6.441192,      0.1000141,              0,       296.7306,      -103.7942
       6.443027,     0.09980732,              0,       294.2646,       -104.108
       6.444863,      0.0996917,              0,       292.3053,      -103.5922
       6.446699,     0.09928527,              0,       292.7562,      -103.2625
       6.448535,     0.09953401,              0,       294.3988,      -102.6344
       6.450371,     0.09956533,              0,       298.9025,      -102.1124
       6.452168,     0.09997297,              0,       304.6369,      -102.0977
       6.454004,      0.1001379,              0,       307.4146,      -102.8278
        6.45584,      0.1001528,              0,       309.2062,      -103.5567
       6.457676,     0.09993567,              0,       307.5713,      -104.0515
       6.459512,     0.09974559,              0,       304.7327,       -104.262
       6.461348,     0.09931131,              0,       303.3307,      -103.9719
       6.463184,      0.0995613,              0,       305.4345,      -103.1471
        6.46502,     0.09971197,              0,       309.4023,      -102.7429
       6.466816,     0.09963696,              0,       311.9856,      -102.8299
       6.468652,     0.09986176,              0,       315.9865,      -103.1022
       6.470489,      0.1000226,              0,       319.3384,      -103.4664
       6.472324,       0.100077,              0,       319.3849,      -104.1015
        6.47416,     0.09967931,              0,       317.0151,      -104.1675
       6.475996,     0.09951865,              0,       314.7486,      -103.9085
       6.477832,     0.09960707,              0,       317.1129,      -103.3884
       6.479668,     0.09969527,              0,       320.2037,        -102.94
       6.481504,     0.09978166,              0,       322.8324,      -102.8558
       6.483301,     0.09976348,              0,       325.4772,      -102.9614
       6.485137,     0.09979001,              0,       327.3235,      -103.0159
       6.486973,     0.09982449,              0,       329.9484,      -103.0426
       6.488809,     0.09981576,              0,         331.52,      -103.4816
       6.490644,      0.1000209,              0,       333.4845,      -103.6452
       6.492481,     0.09980141,              0,       332.3288,       -103.932
       6.494317,     0.09956936,              0,       331.4465,      -103.6752
       6.496152,     0.09964117,              0,       333.5169,      -103.4613
       6.497949,     0.09959219,              0,       335.6838,       -103.331
       6.499785,     0.09968406,              0,          338.6,      -103.2811
       6.501621,     0.09992896,              0,       341.0515,      -103.3394
       6.503457,     0.09994578,              0,       343.2693,      -103.8781
       6.505293,     0.09995409,              0,       344.1293,       -104.212
       6.507129,     0.09973249,              0,       343.3069,      -104.5197
       6.508965,     0.09968657,              0,       343.6483,      -104.1997
       6.510801,     0.09958957,              0,       344.4334,      -103.8833
       6.512598,     0.09961914,              0,       346.1794,      -103.5876
       6.514434,     0.09972152,              0,       349.2555,      -103.4402
        6.51627,     0.09991899,              0,       353.5453,      -103.6105
       6.518106,      0.1000287,              0,       355.9411,      -103.8959
       6.519941,     0.09969774,              0,       355.6862,      -104.2228
       6.521778,     0.09957635,              0,        355.988,      -104.0671
       6.523613,     0.09956685,              0,       357.3181,      -104.0649
       6.525449,     0.09984948,              0,       360.4906,      -103.9738
       6.527285,     0.09979415,              0,       363.6996,      -104.1789
       6.529102,     0.09995057,              0,       366.1544,      -104.5184
       6.530938,     0.09996148,              0,       368.6189,      -104.7726
       6.532773,      0.1000506,              0,       369.3986,      -104.9772
       6.534609,     0.09974352,              0,        368.163,      -105.4555
       6.536407,     0.09933908,              0,       367.3392,      -105.2658
       6.538242,     0.09959557,              0,        369.177,      -104.6189
       6.540078,     0.09959587,              0,       372.0419,      -103.9699
       6.541914,     0.09949309,              0,        374.115,       -103.911
        6.54375,     0.09980265,              0,        376.984,      -103.6574
       6.545586,     0.09988137,              0,       380.0022,       -103.855
       6.547422,     0.09975085,              0,       380.6125,      -104.0632
       6.549258,     0.09996592,              0,       382.7125,      -104.0816
       6.551055,     0.09988745,              0,       385.4627,      -104.3723
       6.552891,     0.09985352,              0,       386.9498,      -104.7219
       6.554727,     0.09977101,              0,       388.9328,      -104.9038
       6.556562,     0.09981109,              0,        389.447,       -105.078
       6.558399,     0.09994463,              0,       391.7023,      -105.1252
       6.560235,      0.0998635,              0,       391.5988,      -105.2991
        6.56207,     0.09978967,              0,       392.5767,      -105.5105
       6.563906,     0.09956329,              0,       393.0781,      -105.5753
       6.565742,     0.09982824,              0,       395.2491,      -105.2073
       6.567539,     0.09963181,              0,       396.0633,       -105.205
       6.569375,     0.09938039,              0,       397.5626,      -105.1521
       6.571211,     0.09945703,              0,       399.9984,      -104.6743
       6.573047,     0.09961686,              0,       404.0067,      -104.2984
       6.574883,      0.1001525,              0,       408.9885,      -104.2183
       6.576719,      0.1000184,              0,       411.7382,      -104.6101
       6.578555,     0.09986769,              0,       411.3976,      -105.3579
       6.580391,     0.09997861,              0,       413.6301,      -105.6798
       6.582188,      0.1001708,              0,       414.5081,      -105.8392
       6.584023,     0.09959879,              0,       413.9013,      -106.2012
       6.585859,     0.09944677,              0,       411.9675,      -106.0219
       6.587715,     0.09955203,              0,       413.3089,      -105.5056
       6.589531,     0.09945288,              0,       417.7544,      -105.1966
       6.591367,     0.09955674,              0,       420.3015,      -105.0907
       6.593203,     0.09985603,              0,       422.9055,      -105.1446
       6.595039,     0.09982061,              0,        426.985,       -105.166
       6.596836,     0.09973266,              0,       428.4652,      -105.4716
       6.598672,      0.0995889,              0,       429.8891,      -105.4579
       6.600508,     0.09985499,              0,       433.6597,      -105.5423
       6.602344,     0.09992758,              0,       436.4077,       -105.475
        6.60418,      0.0998287,              0,       436.4731,      -105.8272
       6.606016,     0.09962104,              0,       436.2673,       -105.672
       6.607852,     0.09953937,              0,       436.2941,      -105.4487
       6.609688,     0.09937162,              0,       438.1355,      -105.4539
       6.611524,     0.09947482,              0,       440.4024,      -105.0535
        6.61332,     0.09958364,              0,       442.9944,      -104.9477
       6.615156,      0.1000286,              0,       448.6248,      -104.6252
       6.616992,       0.100102,              0,       452.7176,      -105.1194
       6.618828,      0.1002889,              0,       456.4239,      -105.6999
       6.620664,      0.1000674,              0,       457.1132,      -106.0284
         6.6225,     0.09961696,              0,       455.1672,      -106.4182
       6.624336,     0.09930842,              0,        454.153,      -106.2734
       6.626172,     0.09945489,              0,       455.3589,      -106.0007
       6.627969,     0.09947977,              0,       458.9983,      -105.5677
       6.629805,     0.09977924,              0,       463.3431,      -105.4074
       6.631641,     0.09975254,              0,       465.9101,      -105.3519
       6.633477,     0.09969496,              0,       467.2841,      -105.5319
       6.635293,     0.09972895,              0,       470.3247,      -105.6339
       6.637129,      0.1000434,              0,       473.5512,      -105.7735
       6.638965,     0.09988894,              0,       475.7271,      -105.8755
       6.640801,     0.09988613,              0,       475.9372,      -106.0712
       6.642637,     0.09978792,              0,       477.1084,      -106.1707
       6.644473,     0.09952315,              0,       478.0227,      -106.2229
       6.646309,     0.09944043,              0,       479.2699,      -106.0113
       6.648145,     0.09995347,              0,       482.4859,      -105.8834
       6.649981,     0.09980569,              0,       485.6894,      -105.9901
       6.651777,     0.09967753,              0,       486.9549,      -106.3336
       6.653614,     0.09989472,              0,       489.2174,      -106.2365
       6.655449,      0.1000265,              0,       490.2086,       -106.305
       6.657285,     0.09958792,              0,       491.6351,      -106.4114
       6.659121,     0.09969293,              0,       491.7779,      -106.5079
       6.660957,     0.09955803,              0,       494.0959,      -106.3157
       6.662793,      0.0997745,              0,       497.6205,      -106.4107
       6.664629,     0.09976436,              0,       500.5553,      -106.4934
       6.666426,     0.09987307,              0,       503.3518,      -106.4015
       6.668262,      0.1001351,              0,       505.9556,       -106.662
       6.670098,      0.0997735,              0,       508.2042,      -106.8622
       6.671934,      0.0997951,              0,       507.9843,      -107.2228
       6.673769,      0.1000045,              0,       510.8967,      -107.0788
       6.675606,     0.09966347,              0,       511.3134,      -107.2668
       6.677442,     0.09958598,              0,       512.3297,      -107.4505
       6.679277,     0.09976519,              0,       515.1341,      -107.1993
       6.681113,     0.09988905,              0,       518.2145,      -107.2987
        6.68291,     0.09988619,              0,        521.366,      -107.3405
       6.684746,      0.1001084,              0,       524.0318,      -107.5319
       6.686582,     0.09968778,              0,        523.497,      -107.7068
       6.688418,     0.09917556,              0,       523.5227,      -107.7044
       6.690254,     0.09937161,              0,            525,      -107.2681
        6.69209,     0.09962854,              0,        529.346,      -106.9644
       6.693926,      0.1000058,              0,       534.9616,      -106.9253
       6.695762,      0.1002093,              0,       537.8812,      -107.2497
       6.697559,     0.09992933,              0,       540.5536,      -107.6028
       6.699395,      0.1000153,              0,       541.2495,       -108.033
       6.701231,      0.0997752,              0,       542.6746,      -108.2099
       6.703066,     0.09939995,              0,        544.671,      -108.1438
       6.704903,     0.09953743,              0,       544.3566,      -108.0819
       6.706738,     0.09949235,              0,        547.512,       -107.743
       6.708574,     0.09973466,              0,        551.425,      -107.6627
        6.71041,     0.09989541,              0,       553.6989,      -107.6128
       6.712207,     0.09995027,              0,       557.3812,      -107.7197
       6.714043,      0.1001252,              0,       559.9761,      -107.9246
       6.715879,      0.1000405,              0,       561.8234,      -108.2071
       6.717715,     0.09996665,              0,       563.2378,      -108.6289
       6.719551,     0.09997576,              0,       564.6894,      -108.6695
       6.721387,     0.09977694,              0,        566.299,      -109.0315
       6.723223,     0.09986553,              0,       568.5437,      -108.9614
       6.725059,     0.09958931,              0,       570.4548,       -108.996
       6.726895,     0.09938517,              0,        570.045,      -108.9508
       6.728692,     0.09942114,              0,       571.5107,      -108.6145
       6.730527,     0.09945823,              0,        575.752,       -108.379
       6.732363,      0.1000475,              0,       579.8516,      -108.2863
         6.7342,     0.09985826,              0,       584.3338,      -108.4106
       6.736035,     0.09991847,              0,       585.2972,      -108.8161
       6.737871,      0.1001176,              0,       589.8215,      -108.6873
       6.739707,      0.1004588,              0,       592.5557,      -109.2278
       6.741543,      0.1001484,              0,       593.9514,      -109.4285
        6.74334,     0.09949965,              0,       591.7789,      -109.8681
       6.745176,     0.09909934,              0,       589.8275,      -109.6424
       6.747031,      0.0988846,              0,       590.5145,      -109.1436
       6.748868,     0.09924763,              0,       595.6698,      -108.5562
       6.750664,     0.09983973,              0,       602.9783,      -108.2749
         6.7525,       0.100489,              0,        608.097,      -108.1571
       6.754336,      0.1007359,              0,       614.1316,      -108.6128
       6.756172,      0.1006598,              0,       615.3959,      -109.3521
       6.758008,       0.100178,              0,       615.0072,      -109.7731
       6.759844,     0.09989996,              0,       613.7245,      -110.2204
        6.76168,     0.09997553,              0,       614.6005,      -110.2624
       6.763516,     0.09932221,              0,       614.6379,      -110.2821
       6.765352,     0.09905376,              0,        613.934,      -110.1482
       6.767148,     0.09932167,              0,       617.2171,      -109.5913
       6.768984,     0.09954847,              0,       622.3686,      -109.2083
       6.770821,     0.09996723,              0,       626.5834,      -109.2493
       6.772656,      0.1005161,              0,       632.4525,      -109.1365
       6.774492,       0.100285,              0,       634.9529,      -109.5956
       6.776328,     0.09999816,              0,       634.3191,      -110.0434
       6.778164,     0.09963877,              0,       633.5839,      -110.1093
           6.78,     0.09924359,              0,       632.3721,      -110.0388
       6.781797,     0.09926365,              0,       634.1304,      -109.8354
       6.783633,     0.09949651,              0,       638.3656,      -109.3982
       6.785469,     0.09966505,              0,       643.3218,      -109.3828
       6.787305,      0.1002521,              0,       648.2466,       -109.277
       6.789141,      0.1008512,              0,       655.0877,      -109.3941
       6.790977,       0.100655,              0,       657.5903,      -110.1785
       6.792813,      0.1005341,              0,       658.0527,      -110.6257
       6.794649,      0.1000928,              0,       658.4675,      -111.2163
       6.796445,     0.09981699,              0,       660.7582,      -111.4967
       6.798281,     0.09968185,              0,       659.2672,      -111.5174
       6.800117,     0.09961453,              0,       659.7003,      -111.3871
       6.801953,     0.09938376,              0,       660.3978,      -111.2695
       6.803789,     0.09939552,              0,       662.8378,       -110.904
       6.805625,     0.09965354,              0,       665.1486,       -110.727
       6.807461,     0.09970672,              0,       668.6633,      -110.5023
       6.809297,     0.09972075,              0,       673.3726,      -110.3329
       6.811133,     0.09986436,              0,         675.44,      -110.4199
        6.81293,      0.0999806,              0,       678.7587,      -110.3972
       6.814766,      0.1002692,              0,       681.6196,      -110.5185
       6.816602,      0.1003107,              0,       685.1879,      -110.6719
       6.818438,     0.09994473,              0,       685.0209,      -111.0752
       6.820273,     0.09965688,              0,       686.2209,      -111.1251
        6.82211,     0.09964421,              0,       687.7745,      -111.0132
       6.823946,     0.09967715,              0,       690.1608,      -110.8258
       6.825781,      0.1001254,              0,       693.8376,      -110.8151
       6.827578,      0.1006458,              0,        697.313,      -110.8768
       6.829414,       0.100449,              0,       700.6224,      -111.2633
        6.83125,      0.1000642,              0,       701.4745,      -111.7387
       6.833086,     0.09995846,              0,       701.0374,      -111.8577
       6.834922,     0.09931899,              0,        701.955,      -111.8361
       6.836758,     0.09940578,              0,       703.0204,      -111.7396
       6.838594,       0.100067,              0,       706.7433,      -111.5188
        6.84043,      0.1002387,              0,       711.2783,      -111.5293
       6.842266,       0.100433,              0,       714.6606,      -111.6975
       6.844063,      0.1005557,              0,         718.99,      -111.9481
       6.845899,       0.100076,              0,       719.5692,      -112.2371
       6.847734,     0.09971208,              0,       718.8115,      -112.5604
        6.84957,        0.09976,              0,       720.1796,      -112.4874
       6.851407,     0.09977274,              0,       722.4305,      -112.3384
       6.853242,      0.0999364,              0,       724.6373,      -112.3663
       6.855078,      0.1000931,              0,       729.0667,      -112.1368
       6.856894,     0.09993804,              0,       730.6379,      -112.2965
       6.858731,     0.09994313,              0,       732.5479,      -112.3006
       6.860567,      0.1003216,              0,       738.1049,      -112.3631
       6.862402,      0.1007793,              0,       741.1973,      -112.3893
       6.864238,      0.1003818,              0,       743.6284,      -112.9013
       6.866035,     0.09999043,              0,       743.1304,       -113.059
       6.867871,     0.09955856,              0,       744.1854,      -113.3014
       6.869707,     0.09968295,              0,       744.1788,      -113.2446
       6.871543,     0.09960445,              0,        747.136,      -112.9317
       6.873379,     0.09973741,              0,        750.517,      -112.9401
       6.875215,      0.1002927,              0,       754.6396,       -112.831
       6.877051,      0.1005687,              0,       759.8748,      -112.9769
       6.878887,      0.1007237,              0,        762.353,      -113.4281
       6.880723,      0.1007009,              0,       765.8151,      -113.6911
        6.88252,      0.1003354,              0,       766.4107,      -114.1231
       6.884356,      0.1000233,              0,       767.2202,      -114.3055
       6.886191,     0.09944464,              0,       767.3207,      -114.4184
       6.888028,     0.09964491,              0,       767.8552,      -114.4021
       6.889863,     0.09961356,              0,       772.0555,      -113.9634
       6.891699,     0.09963224,              0,       772.9109,      -113.9058
       6.893535,      0.1004634,              0,       778.3298,      -113.8542
       6.895371,      0.1014834,              0,       787.6817,      -113.8533
       6.897168,      0.1019817,              0,       793.8037,      -114.4942
       6.899004,      0.1017127,              0,       794.4307,      -115.4683
        6.90084,      0.1004474,              0,       793.8547,      -116.2859
       6.902676,     0.09909587,              0,       787.7315,      -116.7953
       6.904512,     0.09830599,              0,       783.3341,      -116.5177
       6.906348,     0.09740182,              0,       782.1063,      -115.4101
       6.908184,     0.09693847,              0,       782.3323,      -114.2088
       6.910019,     0.09778541,              0,       785.6345,      -112.7685
       6.911817,      0.0993879,              0,       796.0612,      -111.9438
       6.913652,      0.1026615,              0,       812.5802,      -111.5684
       6.915488,      0.1056849,              0,       830.6205,      -112.6157
       6.917325,      0.1073412,              0,       844.3526,      -114.9621
        6.91916,      0.1057862,              0,       844.5665,      -118.3942
       6.920996,      0.1020222,              0,       830.1498,      -121.5792
       6.922832,     0.09661022,              0,       808.0302,      -122.9068
       6.924668,     0.09237865,              0,       784.5374,       -121.743
       6.926504,     0.09052878,              0,       771.1158,      -118.0501
       6.928301,     0.09158362,              0,        774.738,      -113.4531
       6.930137,     0.09625964,              0,       794.2278,      -109.6432
       6.931973,      0.1041459,              0,       832.5319,      -107.4311
       6.933809,      0.1120895,              0,       879.0623,      -108.5641
       6.935645,      0.1186316,              0,       912.4498,      -112.8929
        6.93748,      0.1168715,              0,         924.17,      -120.5212
       6.939316,      0.1085927,              0,       893.6912,      -130.0513
       6.941153,     0.09713805,              0,       833.8105,      -136.8379
       6.942949,     0.08599352,              0,       771.9437,       -136.103
       6.944785,     0.07897648,              0,       729.4911,      -127.7395
       6.946621,     0.07905236,              0,       720.5412,      -116.0023
       6.948457,     0.08509246,              0,       746.2988,      -105.7694
       6.950293,     0.09714435,              0,       805.4529,      -99.24957
       6.952129,       0.117351,              0,       889.6352,      -98.32198
       6.953965,      0.1431294,              0,       988.8254,      -101.8917
       6.955801,      0.1546159,              0,       1074.163,      -113.6215
       6.957598,      0.1361884,              0,       1070.559,      -137.8098
       6.959434,      0.1064252,              0,       951.9958,      -172.9555
        6.96127,     0.09279267,              0,       804.6635,       153.1912
       6.963106,     0.09231476,              0,       682.4527,       129.2918
       6.964942,     0.09378318,              0,       591.9642,       115.5286
       6.966777,     0.09519396,              0,       528.8925,       107.3105
       6.968613,     0.09665025,              0,        481.268,       101.9743
       6.970449,     0.09760835,              0,       446.8687,       98.27602
       6.972285,      0.0980685,              0,       423.0644,       95.83927
       6.974102,     0.09859867,              0,       403.0143,       94.39307
       6.975937,     0.09880097,              0,       387.3983,       93.14857
       6.977774,     0.09893944,              0,       374.5202,       92.15538
       6.979609,     0.09896395,              0,       364.1815,       91.40948
       6.981406,     0.09914637,              0,       354.4215,       90.76802
       6.983243,     0.09943705,              0,       346.8697,       90.38857
       6.985078,     0.09939169,              0,       340.9063,       90.08654
       6.986914,     0.09933451,              0,       337.4964,        89.8758
        6.98875,     0.09949517,              0,       330.0453,         89.697
       6.990586,     0.09928759,              0,        324.327,       89.51116
       6.992422,     0.09934726,              0,       317.8349,       89.46429
       6.994258,     0.09946397,              0,       310.6932,       89.52858
       6.996055,     0.09941015,              0,       304.4353,       89.16998
       6.997891,     0.09953124,              0,       300.2207,       88.94606
       6.999727,     0.09960356,              0,       296.0888,       88.60731
       7.001563,      0.0996669,              0,       293.6346,       88.56615
       7.003398,     0.09990422,              0,       289.9937,       88.55901
       7.005234,     0.09944939,              0,       288.7333,       88.39455
       7.007071,     0.09930983,              0,       283.4872,       88.60727
       7.008906,     0.09937683,              0,       275.9737,       88.40355
       7.010742,     0.09967005,              0,       271.0303,       87.74471
       7.012539,     0.09945388,              0,       267.3871,       87.86459
       7.014375,     0.09961704,              0,       263.2575,       87.82114
       7.016211,     0.09975992,              0,       259.1719,       87.31594
       7.018047,     0.09948192,              0,        258.097,       87.16935
       7.019883,     0.09946832,              0,       255.6228,       87.14517
       7.021719,     0.09970852,              0,       252.2517,       87.00492
       7.023555,     0.09987658,              0,       249.8048,       86.87985
       7.025391,     0.09961426,              0,       247.6277,       86.76425
       7.027188,     0.09954415,              0,       245.7144,       86.92548
       7.029024,     0.09980961,              0,        243.421,       87.16932
       7.030859,     0.09967661,              0,       239.9886,       86.90726
       7.032695,     0.09966996,              0,       238.6296,       86.84949
       7.034531,     0.09968558,              0,       236.1314,       86.73428
       7.036367,     0.09975216,              0,       232.6379,       86.87049
       7.038203,     0.09958413,              0,       230.0709,       86.76974
       7.040039,     0.09955022,              0,       227.0768,       86.99159
       7.041875,     0.09965256,              0,       225.3449,       86.58759
       7.043672,     0.09972351,              0,       223.2512,       86.23647
       7.045508,     0.09991477,              0,       220.7548,       86.13663
       7.047344,     0.09976768,              0,       220.6896,        86.1498
        7.04918,     0.09973787,              0,       219.8773,       86.18781
       7.051016,     0.09971574,              0,       217.5266,       85.86703
       7.052852,     0.09983028,              0,       216.3198,       86.23023
       7.054688,     0.09983304,              0,       213.3298,       86.68954
       7.056523,     0.09986982,              0,       210.9961,       86.19211
       7.058321,     0.09989102,              0,       210.5323,       86.09718
       7.060156,     0.09969974,              0,       208.9594,       86.26633
       7.061992,     0.09971575,              0,       207.4507,       86.46485
       7.063828,     0.09980858,              0,       204.2634,       86.59749
       7.065664,     0.09973972,              0,       201.1575,       86.37228
         7.0675,     0.09993615,              0,       200.1286,       85.84023
       7.069336,     0.09995624,              0,       200.7676,       85.34824
       7.071172,      0.0999415,              0,       201.2183,       85.53003
       7.072969,     0.09964729,              0,       200.0327,       86.24268
       7.074805,     0.09953997,              0,       195.8231,        87.0919
       7.076641,     0.09972093,              0,       192.3623,       86.39537
       7.078477,     0.09971674,              0,       189.2462,       86.25695
       7.080313,     0.09987713,              0,       188.7797,       85.16174
       7.082149,      0.1000287,              0,       191.1882,       84.76833
       7.083984,     0.09984375,              0,       193.1355,       85.06223
        7.08582,      0.0996768,              0,       191.4622,       86.04294
       7.087656,     0.09954472,              0,       187.4364,       86.63235
       7.089453,     0.09961036,              0,       183.9849,       85.98913
       7.091289,     0.09987934,              0,        182.411,       85.38758
       7.093125,     0.09994557,              0,       182.6362,       85.58169
       7.094981,     0.09988555,              0,       182.0289,       85.90881
       7.096777,     0.09981193,              0,       180.5794,       86.02009
       7.098613,      0.0996742,              0,       178.5537,       86.57388
        7.10045,     0.09986905,              0,       176.2675,       85.86787
       7.102285,      0.1002039,              0,       175.7019,       84.95278
       7.104121,     0.09989788,              0,       179.4193,       85.14874
       7.105957,     0.09972157,              0,       179.2963,       85.70813
       7.107793,     0.09957836,              0,       176.4964,        86.6838
       7.109629,     0.09960968,              0,        172.735,       86.06608
       7.111426,     0.09983791,              0,       170.7483,        85.4007
       7.113262,     0.09978479,              0,       170.5548,       84.81976
       7.115098,     0.09981167,              0,       170.3455,       84.77772
       7.116934,     0.09985589,              0,       169.4982,       84.57798
        7.11877,     0.09986708,              0,       169.2427,       85.15213
       7.120605,     0.09975166,              0,       168.7142,       85.30826
       7.122441,     0.09967478,              0,       166.1197,        85.9204
       7.124278,     0.09986454,              0,       165.3961,       86.23155
       7.126113,     0.09969507,              0,       163.5034,       86.03259
        7.12791,     0.09984102,              0,       163.1089,       85.57438
       7.129746,      0.0995717,              0,       161.9921,       86.64481
       7.131582,     0.09984815,              0,       159.1537,       86.38124
       7.133418,     0.09985822,              0,       158.7031,       85.54275
       7.135254,     0.09967922,              0,       160.3573,       85.64891
        7.13709,     0.09986389,              0,       158.5213,       85.31276
       7.138926,     0.09995346,              0,       158.0427,       85.19569
       7.140762,     0.09993131,              0,       157.3188,       84.93913
       7.142559,     0.09979285,              0,        159.282,       85.43841
       7.144395,     0.09982809,              0,       157.2026,       85.75252
       7.146231,     0.09969742,              0,       154.8198,       85.74715
       7.148067,     0.09979861,              0,        152.463,       85.84779
       7.149902,      0.0999992,              0,       152.8197,       84.85393
       7.151738,     0.09984284,              0,       153.6868,       85.19125
       7.153574,     0.09978876,              0,       153.2778,       84.79565
        7.15541,     0.09964616,              0,       152.9425,       85.74422
       7.157207,     0.09984091,              0,        149.789,       86.13287
       7.159043,     0.09987776,              0,       146.9887,       85.16251
       7.160879,     0.09993084,              0,       149.1331,       84.63918
       7.162715,       0.099938,              0,        151.136,       84.39474
       7.164551,     0.09957644,              0,       150.4118,        85.4453
       7.166387,     0.09968214,              0,        146.296,       86.08749
       7.168223,      0.1000168,              0,       144.1828,       85.03453
       7.170059,      0.1000057,              0,       145.5629,       84.38483
       7.171895,     0.09964356,              0,       147.1075,       85.05432
       7.173692,     0.09979839,              0,       144.5782,       85.80493
       7.175528,      0.1000217,              0,        142.416,       85.05434
       7.177383,     0.09990504,              0,       143.2092,       84.61871
       7.179199,     0.09981629,              0,       143.8065,       84.99542
       7.181035,      0.0995064,              0,       142.3351,       85.38565
       7.182871,     0.09978766,              0,       140.0121,       85.50505
       7.184707,      0.1000448,              0,       139.7706,       84.24618
       7.186543,     0.09986214,              0,       140.7246,       84.41352
        7.18834,     0.09970535,              0,       141.5882,       85.05367
       7.190176,     0.09974579,              0,       139.6394,        85.6804
       7.192012,       0.100008,              0,       137.1268,       84.48585
       7.193848,     0.09993145,              0,       139.0677,        84.0073
       7.195683,     0.09944414,              0,       139.6592,       84.94635
        7.19752,     0.09977691,              0,       135.4321,       85.72871
       7.199356,     0.09989912,              0,       132.9502,        85.1106
       7.201191,     0.09995131,              0,       134.2555,       84.26147
       7.203027,     0.09982357,              0,        135.027,       84.18361
       7.204824,     0.09989359,              0,       134.6894,       85.05562
        7.20666,     0.09982269,              0,       133.3294,       85.08586
       7.208496,       0.099641,              0,       133.0961,       84.95702
       7.210332,     0.09968816,              0,       131.2254,       84.78822
       7.212168,      0.0999907,              0,       129.4653,       84.50838
       7.214004,      0.1000192,              0,       129.7398,       83.80572
        7.21584,     0.09970434,              0,       132.3572,       84.28492
       7.217676,      0.0995706,              0,       134.4504,       84.63224
       7.219492,     0.09997568,              0,       127.7407,       84.83159
       7.221328,     0.09989849,              0,       128.4166,       84.37041
       7.223164,     0.09979272,              0,       129.8053,       84.43939
          7.225,     0.09975748,              0,       130.0273,       84.47934
       7.226797,     0.09997101,              0,       128.0069,       84.63433
       7.228633,      0.1001274,              0,       128.8684,       83.55703
       7.230469,     0.09978294,              0,       128.6698,       84.75299
       7.232305,     0.09974084,              0,       125.4553,       85.55126
       7.234141,     0.09974248,              0,       127.7834,       84.29011
       7.235977,     0.09978386,              0,       124.6335,       83.13748
       7.237813,     0.09986047,              0,        123.149,       84.33601
       7.239648,     0.09971804,              0,       125.3067,       84.46756
       7.241485,     0.09963731,              0,        122.781,        86.0358
       7.243281,      0.1000688,              0,       119.5791,       84.54153
       7.245117,      0.0997837,              0,       125.4058,       83.23093
       7.246953,     0.09980284,              0,       121.5245,       85.00843
       7.248789,     0.09973187,              0,       120.5288,       84.83585
       7.250625,     0.09994993,              0,        119.812,       84.45595
       7.252461,      0.1000577,              0,       121.2328,       83.56567
       7.254297,     0.09974329,              0,        121.097,       85.16529
       7.256133,     0.09980983,              0,       116.9433,       84.90176
        7.25793,     0.09998224,              0,       118.2685,       84.11145
       7.259766,     0.09983055,              0,       118.3914,       84.54047
       7.261601,     0.09978942,              0,       118.9549,       84.35672
       7.263438,     0.09958132,              0,       116.5409,       84.71793
       7.265274,     0.09991766,              0,       114.9617,       84.06337
       7.267109,      0.1000401,              0,       117.0461,       83.27829
       7.268945,     0.09988336,              0,       117.2235,       84.32557
       7.270782,     0.09970036,              0,       116.4807,       84.86278
       7.272578,     0.09987752,              0,       113.7723,       84.86649
       7.274414,     0.09989461,              0,         115.06,       83.85473
        7.27625,     0.09963807,              0,       116.4037,       84.20363
       7.278086,     0.09977753,              0,       115.0828,       85.37695
       7.279922,      0.1000645,              0,       110.4458,       84.17554
       7.281758,     0.09977098,              0,       112.5605,       83.44565
       7.283594,     0.09954636,              0,        113.332,       84.59999
        7.28543,     0.09985481,              0,       110.9113,       84.89088
       7.287266,      0.1000654,              0,       110.4698,       82.81018
       7.289063,     0.09964797,              0,       114.3535,       84.50321
       7.290898,     0.09974499,              0,       109.9952,        85.1424
       7.292735,     0.09992824,              0,       107.8256,       84.04927
        7.29457,     0.09975117,              0,       111.2872,       83.88477
       7.296406,     0.09992871,              0,        108.744,       84.28908
       7.298242,     0.09999002,              0,       110.1878,       84.53165
       7.300078,     0.09960761,              0,       110.8488,       84.68176
       7.301914,     0.09988337,              0,       107.0512,       85.09427
       7.303711,      0.1002304,              0,       107.9058,        82.3769
       7.305547,     0.09952019,              0,       112.3118,       83.93736
       7.307383,     0.09968449,              0,       106.3079,       86.28596
       7.309219,      0.1001937,              0,       105.0381,       83.27916
       7.311055,     0.09987569,              0,        108.483,       83.26099
       7.312891,      0.0996132,              0,       108.9356,       85.16994
       7.314727,      0.1001058,              0,       104.3766,       85.32741
       7.316563,     0.09988222,              0,       104.7365,       82.71714
       7.318398,     0.09956861,              0,       107.9048,       84.87634
       7.320195,      0.1000116,              0,       103.0097,       85.63789
       7.322031,      0.1001249,              0,       104.9853,       82.29799
       7.323867,     0.09946116,              0,       106.9854,       85.26889
       7.325703,     0.09995764,              0,       101.2134,       85.73595
       7.327539,      0.1000526,              0,       102.8081,       82.30936
       7.329375,     0.09966318,              0,       106.5809,       84.26904
       7.331211,     0.09973206,              0,       102.6195,       84.75694
       7.333047,     0.09993367,              0,       101.9488,       84.44139
       7.334844,      0.1000036,              0,       103.3037,       83.89855
        7.33668,      0.1000142,              0,       102.9964,       83.82811
       7.338516,     0.09983876,              0,       102.0862,       85.35389
       7.340352,      0.0999086,              0,       100.1858,       83.81952
       7.342187,      0.1000307,              0,       101.3714,       84.04324
       7.344024,     0.09966037,              0,        102.624,       83.72737
        7.34586,     0.09988901,              0,        100.051,       85.56107
       7.347695,      0.1001782,              0,       99.25867,       82.84263
       7.349512,      0.0997768,              0,       102.6966,       83.65035
       7.351348,     0.09994557,              0,       98.48704,       85.53012
       7.353184,     0.09998097,              0,       98.62225,       83.41392
        7.35502,     0.09975982,              0,       99.84917,       84.60144
       7.356816,     0.09980763,              0,       98.71398,       84.24117
       7.358653,      0.1000259,              0,       98.64801,       83.86974
       7.360488,     0.09967234,              0,         99.133,       84.93705
       7.362324,     0.09972847,              0,       97.31595,       84.86701
        7.36416,      0.1001781,              0,       97.91186,       82.94672
       7.365996,     0.09973473,              0,       99.30232,       84.48095
       7.367832,     0.09985713,              0,       95.81687,       83.99381
       7.369668,      0.0998787,              0,       96.54464,       84.28883
       7.371504,      0.1000352,              0,       94.71937,        83.6028
       7.373301,     0.09957413,              0,       98.24375,       83.71707
       7.375137,     0.09981603,              0,       93.81316,       85.11147
       7.376973,     0.09989967,              0,       95.15073,       82.86019
       7.378808,     0.09973662,              0,       98.03114,       83.91109
       7.380645,      0.1000717,              0,       93.39075,       85.23198
       7.382481,     0.09984444,              0,       94.81455,       82.48341
       7.384316,     0.09955513,              0,       95.71491,       84.93408
       7.386152,     0.09997776,              0,        92.0696,       83.66703
       7.387949,     0.09990366,              0,       94.11069,       82.93597
       7.389785,     0.09964669,              0,       94.49429,       84.17328
       7.391621,      0.0997466,              0,       92.68489,       84.27251
       7.393457,       0.099881,              0,       92.81171,       84.25067
       7.395293,      0.1002173,              0,       90.80142,       83.56494
       7.397129,     0.09963427,              0,       94.01288,       83.77589
       7.398965,     0.09983321,              0,        90.9608,       84.88026
       7.400801,      0.1001433,              0,       91.65596,       81.76299
       7.402637,     0.09940024,              0,        95.0133,       84.81477
       7.404434,      0.1000934,              0,         86.812,        85.1786
        7.40627,      0.0997852,              0,       92.11023,       82.51106
       7.408105,     0.09988834,              0,       90.41885,       84.84577
       7.409942,     0.09994572,              0,       89.55116,       83.46677
       7.411777,     0.09994453,              0,       90.07475,       84.36279
       7.413613,     0.09996729,              0,       89.03875,       83.43748
       7.415449,     0.09984925,              0,        88.9342,       84.65736
       7.417285,     0.09997865,              0,       88.00311,       83.08541
       7.419082,     0.09987746,              0,       90.69151,       83.85584
       7.420918,     0.09992392,              0,       89.12314,       84.91171
       7.422754,      0.1001715,              0,       86.26936,       82.66589
        7.42459,     0.09957384,              0,       91.64223,       83.47819
       7.426426,      0.1000675,              0,       86.80495,       84.66552
       7.428262,      0.1000606,              0,       88.35464,       83.28908
       7.430098,     0.09975148,              0,       88.73555,        83.5079
       7.431934,     0.09973355,              0,       87.35782,        84.6041
       7.433731,       0.100035,              0,       85.05485,       84.17908
       7.435566,     0.09991197,              0,       86.61278,       82.13307
       7.437402,     0.09972992,              0,        88.2748,       84.45097
       7.439239,     0.09979149,              0,       86.13792,       83.61945
       7.441074,     0.09977487,              0,       85.28647,       85.09743
        7.44291,      0.1000264,              0,       84.88216,       83.58215
       7.444746,     0.09986321,              0,       86.72765,        83.1937
       7.446582,     0.09993401,              0,       84.15835,       85.28046
       7.448418,     0.09997204,              0,       84.04882,       81.72617
       7.450215,     0.09957352,              0,        86.8559,       84.83817
       7.452051,      0.1001181,              0,       81.57943,       83.78361
       7.453887,     0.09962875,              0,       86.93113,       82.55036
       7.455723,     0.09999514,              0,       83.03654,       85.30363
       7.457559,      0.1000946,              0,       83.44651,        81.6321
       7.459394,     0.09950481,              0,       86.23569,       85.61301
       7.461231,      0.1002455,              0,       79.93155,       82.20162
       7.463067,     0.09950517,              0,       87.58757,       83.06866
       7.464863,     0.09996167,              0,       79.51017,       86.59147
       7.466699,     0.09996972,              0,       82.65148,       80.09752
       7.468535,     0.09952756,              0,       85.46706,       85.64629
       7.470371,      0.1001489,              0,        79.3083,       83.51965
       7.472207,     0.09973103,              0,       84.36919,       81.76131
       7.474043,     0.09968469,              0,       81.77184,       85.41006
       7.475879,      0.1000614,              0,       81.01599,       82.51476
       7.477715,     0.09979226,              0,       83.34151,       84.17077
       7.479551,      0.1001271,              0,       80.18841,       83.05965
       7.481348,     0.09975767,              0,       82.40719,       83.23415
       7.483203,     0.09990615,              0,       80.10555,       84.16049
       7.485039,      0.1000106,              0,       79.79659,       82.63059
       7.486875,     0.09984158,              0,       80.77615,       83.71851
       7.488672,      0.0997481,              0,       79.85633,        84.4544
       7.490508,      0.1000894,              0,       78.31512,       83.34279
       7.492344,     0.09979802,              0,       81.44183,        82.9445
        7.49418,     0.09979179,              0,       79.10081,       84.14249
       7.496016,      0.1000591,              0,       78.79931,        81.5104
       7.497852,     0.09992515,              0,       80.66221,       84.13918
       7.499688,      0.1000249,              0,       78.22939,       82.48158
       7.501523,     0.09972613,              0,       80.21528,       84.52194
        7.50332,      0.1000975,              0,       76.56815,       82.91374
       7.505157,     0.09986404,              0,       79.02039,       82.99464
       7.506992,      0.0998232,              0,       77.62817,       83.99291
       7.508828,      0.1000597,              0,       77.60453,       82.73077
       7.510664,      0.1000006,              0,       78.73911,       83.51064
         7.5125,      0.0997583,              0,       78.28579,       83.93102
       7.514336,     0.09986228,              0,       76.00867,       82.69019
       7.516172,      0.0997171,              0,       78.24434,       83.63622
       7.518008,     0.09998756,              0,       75.63554,       83.33624
       7.519805,     0.09984526,              0,       77.45694,       83.54893
       7.521641,     0.09985451,              0,       75.54478,       83.50963
       7.523477,      0.1000346,              0,       76.93842,       82.73415
       7.525312,     0.09959047,              0,       77.43626,       83.82212
       7.527149,     0.09995066,              0,        74.0508,       85.07973
       7.528985,      0.1000969,              0,       75.86825,       80.93365
        7.53082,     0.09967914,              0,       78.10981,       85.02187
       7.532656,      0.1000365,              0,       73.01057,       82.98443
       7.534453,     0.09979881,              0,       77.52734,       82.30424
       7.536289,     0.09979786,              0,       74.94403,       84.96187
       7.538125,      0.1002014,              0,       74.37722,       82.24413
       7.539961,      0.1000371,              0,       75.29874,       84.31188
       7.541797,     0.09992231,              0,       75.17635,       83.24365
       7.543633,     0.09976427,              0,       75.10473,       83.86804
       7.545469,      0.1000212,              0,        73.3893,       83.14153
       7.547305,     0.09982099,              0,       74.36723,       82.80801
       7.549102,     0.09989454,              0,       73.29302,       83.99282
       7.550938,      0.1000871,              0,       73.84349,       82.26083
       7.552773,     0.09986164,              0,       74.50313,       83.63174
       7.554609,      0.1000298,              0,       73.53585,       83.54987
       7.556446,     0.09974448,              0,       74.50484,       83.21963
       7.558281,     0.09968646,              0,       72.38793,       84.09808
       7.560117,     0.09997941,              0,       72.10986,       82.31629
       7.561953,       0.100033,              0,       73.38648,       83.02518
       7.563789,     0.09986163,              0,       72.06367,       83.66388
       7.565586,      0.1000429,              0,       71.32034,        82.2866
       7.567422,     0.09979484,              0,       73.01518,       83.14533
       7.569258,       0.100004,              0,        70.8558,       83.50117
       7.571094,     0.09982818,              0,       72.58031,       82.92526
        7.57293,      0.0999929,              0,       72.51469,       82.86752
       7.574766,      0.1000343,              0,       70.88575,        83.1109
       7.576602,     0.09974547,              0,       71.88495,       82.84349
       7.578438,     0.09996509,              0,       70.25275,       84.58149
       7.580235,     0.09985407,              0,       71.53117,       81.45296
        7.58207,      0.1000064,              0,       70.22204,       84.21916
       7.583906,      0.1000543,              0,       70.25455,       81.43488
       7.585742,     0.09969925,              0,       71.33236,       86.16357
       7.587578,      0.1001698,              0,       68.39242,       80.76186
       7.589414,     0.09964918,              0,       73.28197,       84.56239
        7.59125,      0.1004082,              0,       67.19353,       81.11033
       7.593086,     0.09965638,              0,        73.2954,       84.04253
       7.594883,       0.100222,              0,       66.28776,       82.91776
       7.596719,     0.09967779,              0,       72.41278,       82.07371
       7.598555,      0.1000893,              0,       66.71954,       84.45292
       7.600391,     0.09984973,              0,       70.62404,       80.52241
       7.602227,     0.09973625,              0,        70.0834,       86.46577
       7.604063,      0.1000563,              0,       68.61467,       80.64443
       7.605898,     0.09988619,              0,       69.61472,       84.05897
       7.607735,     0.09998857,              0,       67.98983,       81.14651
       7.609571,     0.09992997,              0,       69.01715,       83.82369
       7.611367,      0.1000061,              0,       67.04263,       81.95825
       7.613203,      0.0998491,              0,       68.70052,       84.43121
       7.615039,     0.09990936,              0,       67.65022,       82.58576
       7.616875,       0.099658,              0,       69.57951,       84.25084
       7.618711,      0.0999977,              0,       65.34142,       82.03304
       7.620547,      0.0998199,              0,       69.60412,        84.0966
       7.622364,      0.1001718,              0,       66.38714,       80.54367
       7.624199,      0.0999604,              0,       67.68362,       84.19131
       7.626035,      0.1000027,              0,       65.52761,       83.12901
       7.627871,     0.09973878,              0,       68.32344,       82.06832
       7.629707,       0.100071,              0,       65.24555,        84.3589
       7.631543,     0.09984037,              0,       67.32964,       80.93154
        7.63334,     0.09987433,              0,       66.32077,       84.96947
       7.635176,      0.1000083,              0,       64.90087,       80.83723
       7.637012,     0.09997146,              0,       65.49241,       84.47166
       7.638848,     0.09997217,              0,       66.01845,       80.87979
       7.640684,     0.09991631,              0,       66.50571,       84.21198
       7.642519,      0.1000474,              0,       64.25378,       81.45665
       7.644356,     0.09990067,              0,       65.28776,       83.29681
       7.646192,      0.1000495,              0,       64.70214,       81.52847
       7.648027,     0.09987517,              0,       65.16095,       83.75536
       7.649824,      0.1001566,              0,       63.62933,       82.10431
        7.65166,     0.09989684,              0,       66.76963,       81.91823
       7.653496,      0.1001404,              0,       62.79967,       85.17468
       7.655332,     0.09994665,              0,         65.875,       80.42056
       7.657168,      0.1000244,              0,       63.12333,       84.00685
       7.659004,     0.09997187,              0,       65.12399,       81.69748
        7.66084,      0.1001372,              0,       62.76595,       83.67358
       7.662676,     0.09991992,              0,       63.53826,       81.01327
       7.664473,     0.09993242,              0,       63.33843,        84.2555
       7.666309,     0.09998988,              0,       63.51535,       81.10271
       7.668145,     0.09997187,              0,         64.124,       84.78943
       7.669981,     0.09993029,              0,       62.35013,       79.92838
       7.671816,     0.09979958,              0,       64.06352,       84.65824
       7.673653,      0.1001341,              0,       60.84816,       80.51746
       7.675488,       0.099825,              0,       63.68602,       83.80013
       7.677324,      0.1002239,              0,       61.29858,       81.10681
        7.67916,     0.09979158,              0,       64.04608,       83.63863
       7.680957,      0.1002524,              0,       59.97977,       82.23743
       7.682793,     0.09987083,              0,       63.96785,         82.703
       7.684629,      0.1000134,              0,       60.83139,       83.18912
       7.686465,     0.09980014,              0,       63.46944,        82.6953
       7.688301,     0.09997036,              0,       61.00052,       83.25259
       7.690137,     0.09989799,              0,        62.4572,       82.42304
       7.691973,      0.1000963,              0,       60.09495,        82.0397
       7.693809,     0.09969924,              0,       63.66536,       83.02837
       7.695606,       0.100223,              0,       59.32886,       82.18919
       7.697442,      0.0998777,              0,       62.82824,       81.69989
       7.699277,      0.1001511,              0,        58.8712,       84.71882
       7.701113,     0.09964114,              0,       63.58911,       81.34654
        7.70295,      0.1002132,              0,       57.66146,        84.4986
       7.704785,     0.09966729,              0,       63.87959,       81.07214
       7.706621,      0.1002525,              0,       57.59586,       84.16321
       7.708457,     0.09973462,              0,       63.38796,       80.74368
       7.710254,      0.1001429,              0,       58.45784,       84.65873
        7.71209,     0.09979998,              0,       61.96152,       80.24131
       7.713926,      0.1000975,              0,       57.58037,       84.45148
       7.715762,     0.09975984,              0,       62.13565,       79.84173
       7.717598,      0.1001936,              0,       58.27201,       86.26331
       7.719434,      0.1000271,              0,       61.03535,        79.1693
        7.72127,     0.09934931,              0,       58.29275,         85.339
       7.723105,     0.09806875,              0,       57.83709,       79.36635
       7.724942,      0.1025159,              0,       60.58354,       82.88776
       7.726738,     0.09980124,              0,       58.42005,       85.37045
       7.728574,      0.0998942,              0,       60.40236,       80.46717
        7.73041,     0.09987022,              0,        58.9579,        83.3824
       7.732246,      0.1001395,              0,       59.04131,       80.63645
       7.734082,     0.09971954,              0,       59.50587,       83.40823
       7.735918,      0.1001804,              0,       57.08809,        80.4381
       7.737754,     0.09973758,              0,       59.90556,       83.90544
        7.73959,      0.1002641,              0,        55.8669,       79.77607
       7.741387,     0.09962646,              0,       60.18769,       84.57949
       7.743223,      0.1002227,              0,       55.34028,       79.79554
       7.745059,     0.09984877,              0,       60.38627,       83.72519
       7.746895,      0.1003038,              0,       54.83293,       81.04976
       7.748731,     0.09970944,              0,       59.89146,       82.54533
       7.750566,      0.1005393,              0,       55.11107,       81.63729
       7.752402,     0.09979496,              0,       59.65818,       82.65586
       7.754239,      0.1001393,              0,       54.79156,       81.48173
       7.756035,      0.0998776,              0,       57.61586,       81.90001
       7.757871,        0.10001,              0,       56.43819,       82.86852
       7.759707,     0.09998693,              0,       56.43595,        81.9176
       7.761543,     0.09981648,              0,       57.33009,       83.32103
       7.763379,     0.09997895,              0,       55.18213,       80.31512
       7.765215,     0.09991299,              0,       55.92126,       82.88754
       7.767031,     0.09982131,              0,       56.23458,        80.7338
       7.768867,     0.09994265,              0,       56.21256,       84.08936
       7.770703,     0.09998724,              0,       56.45399,       80.18797
       7.772539,      0.1000019,              0,       55.51795,       83.07494
       7.774375,      0.1000221,              0,       55.36024,       81.12357
       7.776211,      0.1001408,              0,       56.43848,       83.00929
       7.778047,      0.1000462,              0,       55.54508,       80.33196
       7.779844,     0.09995565,              0,       55.73369,       84.35423
        7.78168,     0.09999966,              0,       55.69352,        78.7243
       7.783516,      0.1001652,              0,       54.66753,       84.99223
       7.785352,     0.09975328,              0,       56.67631,       80.37083
       7.787188,      0.1002275,              0,       51.88381,       83.83606
       7.789023,     0.09959674,              0,       57.97743,       81.70415
        7.79086,      0.1001714,              0,       51.09819,       81.39373
       7.792696,     0.09988847,              0,       56.38973,       83.21255
       7.794492,      0.1000166,              0,       52.75772,       80.45207
       7.796328,     0.09988678,              0,       54.66414,       84.29819
       7.798164,     0.09996288,              0,       53.78711,       79.32609
            7.8,      0.1000184,              0,       53.85331,       84.18159
       7.801836,      0.1000163,              0,       54.07712,       79.92734
       7.803672,      0.1000548,              0,       53.44199,       83.89503
       7.805508,     0.09985242,              0,       53.77646,       79.67439
       7.807344,     0.09992568,              0,       53.51276,       84.41743
        7.80918,      0.1001121,              0,       52.06639,       80.36639
       7.810977,     0.09988946,              0,       55.47044,       84.31461
       7.812813,      0.1001972,              0,       50.07869,       78.82898
       7.814649,     0.09980408,              0,        55.2089,       85.42065
       7.816484,      0.1001809,              0,       50.79771,        78.0077
        7.81832,     0.09984814,              0,       54.79698,       86.17516
       7.820157,      0.1001055,              0,        52.3235,       76.57635
       7.821992,     0.09994342,              0,       52.54509,       87.40853
       7.823828,     0.09994306,              0,       53.20773,       77.06466
       7.825625,      0.1000106,              0,       51.34085,          86.59
       7.827461,      0.1000269,              0,       52.85793,       79.45917
       7.829297,      0.1000638,              0,       50.29575,       83.44995
       7.831133,     0.09988332,              0,       53.61401,       81.81794
       7.832969,      0.1001156,              0,       50.66191,        81.1901
       7.834805,     0.09995074,              0,       52.32471,       83.29202
       7.836641,      0.1000679,              0,       50.84663,       80.34291
       7.838477,     0.09988152,              0,       52.73839,       83.71459
       7.840312,      0.1000225,              0,       50.00714,       80.43571
        7.84211,     0.09998588,              0,       52.11618,       83.80462
       7.843946,      0.1000526,              0,       51.22609,       78.63469
       7.845781,     0.09993067,              0,        49.8672,       84.55318
       7.847617,     0.09969439,              0,       50.95885,       80.75065
       7.849453,      0.1000959,              0,       49.27433,       83.81326
       7.851289,     0.09989214,              0,       51.57294,       78.87872
       7.853125,      0.1002192,              0,       49.29786,       84.07265
       7.854961,     0.09982511,              0,       52.41405,       79.77004
       7.856758,      0.1001419,              0,       47.58456,       82.25191
       7.858594,      0.0998021,              0,       52.69703,       82.89967
        7.86043,      0.1001674,              0,       47.89133,       77.83078
       7.862266,     0.09988667,              0,       51.45798,       85.99914
       7.864102,     0.09999584,              0,       49.19364,       78.19675
       7.865938,      0.1000486,              0,       48.12918,       85.11498
       7.867774,     0.09974226,              0,       51.67005,       78.71039
       7.869609,      0.1002317,              0,        45.1728,       84.21469
       7.871407,     0.09978723,              0,       53.57234,       81.80728
       7.873242,      0.1002338,              0,       45.43476,        80.2232
       7.875078,     0.09976646,              0,       51.88346,       84.63492
       7.876914,     0.09996492,              0,       48.21992,       79.15662
        7.87875,      0.1000105,              0,       47.51205,        83.5103
       7.880586,      0.1000253,              0,       48.77949,       82.03619
       7.882422,     0.09981464,              0,       48.64216,       80.50778
       7.884258,     0.09999216,              0,       47.19476,       83.34617
       7.886094,     0.09990893,              0,        50.6916,       81.90701
       7.887891,      0.1000721,              0,       47.01342,        80.9049
       7.889727,     0.09979556,              0,       49.15272,       84.27028
       7.891562,     0.09994378,              0,       47.94162,       80.78063
       7.893399,      0.1000348,              0,       46.49687,       82.09808
       7.895235,     0.09984419,              0,       49.54623,       83.38703
        7.89707,     0.09999672,              0,       47.65215,       80.07883
       7.898906,     0.09996697,              0,       48.29565,       82.63576
       7.900743,     0.09991024,              0,       47.50589,       79.44282
       7.902539,      0.1001347,              0,       46.08923,       83.34863
       7.904375,     0.09958406,              0,       49.53888,       81.91422
       7.906211,      0.1000564,              0,       45.56718,       80.01823
       7.908047,     0.09994999,              0,        48.0722,       84.36844
       7.909883,     0.09995437,              0,       48.48318,       78.48843
       7.911719,      0.1000674,              0,       44.54288,       83.52846
       7.913555,     0.09981854,              0,       49.64467,        83.1174
       7.915391,     0.09990749,              0,       46.06863,       78.30695
       7.917207,     0.09996825,              0,       47.15059,       86.27285
       7.919043,     0.09970947,              0,       48.45843,       78.28802
       7.920879,      0.1003043,              0,       42.71818,       83.04062
       7.922715,     0.09974657,              0,       49.08349,       82.71647
       7.924551,     0.09986794,              0,       44.54013,       78.98871
       7.926348,      0.1000436,              0,       45.41874,       84.62418
       7.928184,     0.09987388,              0,       48.30696,        78.3643
        7.93002,      0.1000434,              0,       42.46018,       82.49271
       7.931856,       0.099679,              0,       49.38723,       83.41498
       7.933692,      0.1000225,              0,       44.17043,       78.29928
       7.935527,     0.09997099,              0,       46.61967,       85.36589
       7.937364,      0.1001177,              0,       46.34634,       77.24732
       7.939199,      0.1002481,              0,       43.14643,       85.56305
       7.940996,     0.09970326,              0,        48.8969,        80.6312
       7.942832,     0.09994166,              0,       42.33999,        80.7727
       7.944668,     0.09996565,              0,       47.50822,       87.77123
       7.946504,     0.09971115,              0,       47.34801,       75.62478
        7.94834,      0.1001923,              0,       40.26665,       86.31826
       7.950176,     0.09956472,              0,       49.93381,       83.90605
       7.952012,     0.09983024,              0,       44.35299,       75.98936
       7.953848,      0.1001418,              0,       42.71002,       86.79088
       7.955645,     0.09969017,              0,       48.73342,       79.81704
        7.95748,      0.1002233,              0,       41.09138,       81.45306
       7.959317,     0.09978475,              0,       47.52836,       84.76095
       7.961153,     0.09990161,              0,       44.18564,       78.16736
       7.962988,      0.1000864,              0,       42.17788,       82.93227
       7.964824,     0.09983524,              0,       46.66163,       83.76176
        7.96666,      0.1001193,              0,       44.35439,        78.7659
       7.968496,     0.09998764,              0,        43.2466,       82.45714
       7.970332,     0.09985767,              0,       44.44264,       80.86811
       7.972129,     0.09994321,              0,       43.34306,        82.4235
       7.973965,      0.1000679,              0,       43.86595,       81.25094
       7.975801,     0.09969144,              0,       44.84967,       81.02937
       7.977637,      0.1000929,              0,       41.57879,       82.38604
       7.979473,     0.09963138,              0,       45.50041,       82.02579
       7.981309,      0.1001985,              0,       43.47979,       81.75768
       7.983145,     0.09970782,              0,       44.28957,       81.52014
       7.984981,     0.09987947,              0,        42.2632,        85.5648
       7.986777,     0.09972892,              0,       45.23059,       80.70257
       7.988614,      0.1001787,              0,       42.38582,       79.58096
       7.990449,      0.1000173,              0,       42.33041,       80.50359
       7.992285,      0.1000024,              0,       43.87403,       84.21163
       7.994121,     0.09979205,              0,        43.8338,       79.46945
       7.995957,      0.1001847,              0,       41.05286,       83.65683
       7.997793,     0.09969921,              0,       44.78837,       81.59691
       7.999102,     0.09993402,              0,       45.39436,       81.26418
