Group Signal ,Sx,Frame 61983,
Format,Mag/Phase,Scaling,EU
Signals,S:1,,S:3,
Chan,1,,3,
Chan Name,I_001,,I_003,
Point,0 X,,0 X,

Hz,g,deg,mm/s,deg
Scaling,Mag,Phase,Mag,Phase
              4,     0.04744535,              0,       103.6874,      -109.2321
       4.001963,     0.04991651,              0,       93.72697,      -105.4573
       4.003916,     0.05019096,              0,       107.1896,      -107.5052
       4.005869,     0.04986345,              0,       93.45631,      -102.8955
       4.007822,     0.05014092,              0,       102.4069,      -108.1499
       4.009775,     0.04999389,              0,       99.22281,      -102.3046
       4.011728,     0.05003422,              0,       99.31633,      -108.8507
       4.013681,     0.05004208,              0,       102.0389,      -104.4893
       4.015635,     0.04998398,              0,       99.38691,       -107.873
       4.017588,     0.05007016,              0,       100.8741,      -104.6965
       4.019541,     0.05001538,              0,        100.116,      -106.9114
       4.021494,       0.050087,              0,       101.8047,      -105.4029
       4.023447,     0.04998296,              0,       99.96287,      -106.2001
         4.0254,      0.0500594,              0,        102.902,      -106.0429
       4.027353,     0.05001499,              0,       101.5418,      -105.9841
       4.029306,     0.05006911,              0,       105.3016,      -108.1304
        4.03126,     0.05002014,              0,       104.3138,      -104.1629
       4.033213,     0.04999781,              0,       103.4178,      -109.9151
       4.035166,     0.05008028,              0,       105.9101,      -102.4584
       4.037119,     0.04991385,              0,       101.5886,      -111.7516
       4.039072,     0.05025541,              0,       114.6585,      -101.9969
       4.041025,     0.04974663,              0,       94.36613,       -108.218
       4.042978,     0.05028529,              0,       114.5915,      -107.4282
       4.044931,     0.04981321,              0,       98.60636,      -103.7098
       4.046885,     0.05018279,              0,       112.2614,      -109.1035
       4.048838,     0.04992989,              0,       103.2888,      -103.0915
       4.050791,     0.05006569,              0,       108.8105,      -109.9327
       4.052744,     0.05007246,              0,       109.7011,       -102.941
       4.054697,     0.05000522,              0,       106.0309,      -107.9898
        4.05666,     0.05014073,              0,        111.317,      -104.2243
       4.058613,     0.04992255,              0,       103.3969,      -106.6525
       4.060566,     0.05012971,              0,       110.8717,      -106.8169
        4.06252,     0.05004223,              0,       109.4597,      -103.6002
       4.064473,     0.04996233,              0,       106.7086,       -109.011
       4.066426,     0.05017633,              0,       116.0384,      -104.9503
       4.068379,       0.049879,              0,       104.5988,       -105.643
       4.070332,     0.05014433,              0,       115.4728,       -107.348
       4.072285,     0.04998904,              0,       109.1186,      -103.3242
       4.074238,     0.05001565,              0,       108.5406,       -109.223
       4.076191,     0.05010428,              0,       114.9451,      -104.9225
       4.078145,      0.0499342,              0,       107.6294,      -106.5338
       4.080098,     0.05014811,              0,       116.0196,      -106.4675
       4.082051,     0.04993043,              0,       109.8327,      -105.6773
       4.084004,     0.05009651,              0,       114.3666,       -106.588
       4.085957,     0.05000259,              0,       112.0266,      -105.7234
        4.08791,     0.05004149,              0,       115.8995,      -107.8166
       4.089863,     0.05005888,              0,       116.0283,       -105.479
       4.091816,     0.05001143,              0,       114.9644,      -105.5753
        4.09377,     0.05007455,              0,       118.1837,      -107.5769
       4.095723,     0.05006149,              0,       117.7522,      -104.3195
       4.097676,     0.04994763,              0,       113.5498,      -107.4491
       4.099629,     0.05011386,              0,       121.3255,        -107.05
       4.101582,     0.05003731,              0,       119.2695,      -103.5295
       4.103535,     0.04997065,              0,       116.7775,      -107.6145
       4.105488,     0.05009488,              0,       121.0653,      -105.5762
       4.107441,     0.04999353,              0,       116.6333,      -105.3771
       4.109404,     0.05004892,              0,       119.2084,       -107.463
       4.111357,     0.05009177,              0,       122.2252,      -105.2655
        4.11331,     0.04996654,              0,       118.8519,      -108.1031
       4.115263,       0.050127,              0,       125.4061,       -105.791
       4.117217,     0.04995387,              0,       118.0629,      -105.3768
        4.11917,     0.05005316,              0,       125.0459,      -108.3455
       4.121123,     0.05006757,              0,       125.0428,      -103.9133
       4.123076,     0.05000226,              0,       121.1734,      -106.6174
       4.125029,     0.05012242,              0,       126.0419,      -106.5071
       4.126982,     0.05002744,              0,       124.0674,      -105.0982
       4.128935,     0.05004927,              0,       125.6357,      -106.1552
       4.130888,     0.04999259,              0,       124.9225,      -106.1453
       4.132842,      0.0500416,              0,       126.2839,      -105.8621
       4.134795,     0.05003731,              0,       126.1113,      -106.2034
       4.136748,     0.05001037,              0,       126.6008,      -107.5705
       4.138701,      0.0500636,              0,       129.4512,      -105.5739
       4.140654,      0.0499996,              0,        127.551,      -106.4619
       4.142607,     0.05002593,              0,       128.7164,      -107.1272
        4.14456,     0.05004335,              0,       131.8089,      -107.4474
       4.146513,     0.05009224,              0,       133.1751,      -105.8803
       4.148467,     0.04997744,              0,       128.0565,      -105.3901
        4.15042,     0.05005354,              0,       130.7059,       -108.823
       4.152373,     0.05010132,              0,        135.224,       -105.285
       4.154326,     0.04999886,              0,       130.3643,      -105.3663
       4.156279,     0.05005626,              0,       133.4503,      -108.4487
       4.158232,     0.05009605,              0,       137.5591,      -105.5713
       4.160185,     0.04996816,              0,       131.1081,      -105.4502
       4.162138,     0.05008922,              0,       135.3053,      -109.2699
       4.164092,     0.05011948,              0,       141.5933,      -105.5175
       4.166055,     0.04991177,              0,       131.5467,      -104.8327
       4.168008,     0.05005657,              0,       137.0563,      -109.1867
       4.169961,     0.05010889,              0,       142.2513,      -105.6466
       4.171914,      0.0499267,              0,       134.8118,      -104.6782
       4.173867,     0.05005427,              0,       138.0262,      -108.5902
        4.17582,     0.05002418,              0,       144.2694,       -106.345
       4.177773,     0.04997652,              0,       137.0535,      -105.3231
       4.179727,     0.05003028,              0,       140.1806,      -108.1184
        4.18168,     0.05010329,              0,       146.3188,      -106.2721
       4.183633,     0.04997727,              0,       141.6319,      -104.9559
       4.185586,     0.04996224,              0,       139.3435,      -107.6816
       4.187539,     0.05016262,              0,       148.1786,      -107.7287
       4.189492,     0.05003183,              0,       145.6027,      -104.7401
       4.191445,     0.04994232,              0,       141.0181,      -106.6323
       4.193398,     0.05005187,              0,       145.1612,      -108.4181
       4.195352,     0.05012721,              0,       151.0021,       -105.631
       4.197305,     0.04993037,              0,        143.511,      -105.8094
       4.199258,     0.05003059,              0,         145.41,       -108.575
       4.201211,     0.05011618,              0,        152.555,      -108.1174
       4.203164,     0.05003664,              0,       152.6377,      -106.3299
       4.205117,     0.04997195,              0,         148.82,      -107.2159
        4.20707,     0.05006646,              0,       152.8539,      -108.4197
       4.209023,     0.05008941,              0,       154.9879,       -106.227
       4.210977,     0.05003778,              0,       151.9703,      -105.5803
        4.21293,     0.04997864,              0,       152.2012,      -108.0409
       4.214883,     0.05007545,              0,       155.6771,      -107.2868
       4.216836,     0.05001274,              0,        155.279,      -106.9372
       4.218789,     0.05004419,              0,       157.9997,      -107.9531
       4.220742,     0.05010912,              0,       160.9908,      -106.1374
       4.222685,      0.0499822,              0,       154.7321,      -105.8124
       4.224638,     0.04997282,              0,       155.3084,      -109.2304
       4.226592,      0.0501382,              0,       164.2096,      -107.8388
       4.228545,     0.05002141,              0,        161.907,      -104.8577
       4.230498,     0.04991619,              0,       155.2409,      -107.4896
       4.232451,     0.05016244,              0,       166.3018,      -109.1921
       4.234404,     0.05011148,              0,       167.6851,      -105.4104
       4.236357,     0.04993165,              0,       159.8626,      -105.3446
        4.23831,     0.05002381,              0,       160.7497,      -108.2594
       4.240283,     0.05011433,              0,       169.1486,      -107.7278
       4.242236,     0.05003151,              0,          168.3,      -105.4531
       4.244189,     0.04997499,              0,       164.5193,      -106.0205
       4.246142,     0.05004989,              0,       169.2978,      -107.9713
       4.248096,     0.05006121,              0,       172.0954,      -106.8024
       4.250049,     0.04998666,              0,       168.5329,      -106.6956
       4.252002,     0.05007611,              0,       172.3353,      -108.2205
       4.253955,     0.05009476,              0,        176.239,      -107.1522
       4.255908,     0.05002904,              0,       174.9099,      -106.0352
       4.257861,     0.05002497,              0,       173.9141,      -107.0228
       4.259814,     0.05003825,              0,       176.5876,       -107.772
       4.261767,     0.05004409,              0,        177.547,      -107.2373
       4.263721,     0.04999089,              0,       177.4662,      -106.9164
       4.265674,     0.05007028,              0,       178.2424,        -106.96
       4.267627,     0.05003696,              0,       179.4327,      -106.7049
        4.26958,     0.05003975,              0,       179.9812,      -107.0586
       4.271533,     0.05001868,              0,       180.7188,      -106.8731
       4.273486,     0.05003391,              0,       180.6752,      -106.5947
       4.275439,     0.04999587,              0,       182.6352,      -107.8954
       4.277392,     0.05005918,              0,       186.3265,      -107.9078
       4.279346,     0.05003743,              0,       186.9918,      -106.5191
       4.281289,     0.04999354,              0,        182.849,      -106.9899
       4.283242,     0.05005617,              0,       187.4926,      -108.5962
       4.285195,     0.05006756,              0,       192.4597,      -107.5634
       4.287148,     0.04999346,              0,        188.058,       -107.616
       4.289102,      0.0500751,              0,       191.6308,      -108.5556
       4.291055,      0.0501302,              0,       196.5008,      -106.4083
       4.293008,     0.04990711,              0,       187.4521,      -105.9952
       4.294961,     0.04998441,              0,       188.1377,      -109.1554
       4.296914,     0.05017658,              0,       199.0415,      -108.4184
       4.298867,     0.05002231,              0,       198.6826,      -105.6972
        4.30082,     0.04993212,              0,       191.4834,      -106.5589
       4.302773,     0.05006929,              0,       197.3869,      -109.0881
       4.304727,      0.0501548,              0,       205.5301,      -107.7494
        4.30668,     0.05002159,              0,       201.9297,      -105.4337
       4.308633,     0.04993066,              0,       195.4988,      -106.9568
       4.310586,      0.0500637,              0,       200.7439,      -108.9724
       4.312539,     0.05011962,              0,       207.2344,      -108.7788
       4.314492,     0.05002972,              0,       207.2825,      -107.3323
       4.316445,     0.05001113,              0,        205.816,      -107.6641
       4.318398,      0.0500372,              0,       208.0803,      -107.9777
       4.320352,     0.05003455,              0,       210.0228,      -108.0007
       4.322324,     0.05006294,              0,       212.6564,      -107.9496
       4.324277,     0.05006626,              0,       212.2862,      -106.8237
       4.326231,     0.04994941,              0,       209.1541,       -107.806
       4.328184,     0.05004175,              0,       213.5708,       -108.633
       4.330137,     0.05001644,              0,       214.2925,      -108.2961
        4.33209,      0.0500158,              0,       215.3665,      -109.4806
       4.334043,     0.05006873,              0,       219.2453,      -109.8272
       4.335996,     0.05012577,              0,        225.575,      -108.9484
       4.337949,     0.05000472,              0,       221.6318,      -107.9941
       4.339902,     0.05004822,              0,       221.7671,      -108.6313
       4.341846,     0.05010082,              0,       225.5077,      -108.0709
       4.343799,     0.05002361,              0,       224.1858,      -108.0955
       4.345752,     0.05002712,              0,       224.4379,      -109.1045
       4.347705,     0.05012159,              0,       231.9908,      -109.6709
       4.349658,     0.05006746,              0,       233.3219,      -108.3551
       4.351611,     0.05000708,              0,       232.9291,      -108.2562
       4.353564,     0.05002237,              0,       233.1575,      -108.4039
       4.355517,      0.0499882,              0,       233.1745,      -108.6692
       4.357471,     0.05008235,              0,       235.6452,      -108.3019
       4.359424,     0.04998552,              0,       234.2176,      -108.5076
       4.361377,     0.05001986,              0,       237.5437,      -109.5922
        4.36333,     0.05008746,              0,       241.7695,      -109.1106
       4.365283,     0.05004548,              0,       241.4845,      -108.1859
       4.367236,     0.05003526,              0,       241.3594,      -107.8538
       4.369189,     0.04989199,              0,       238.1439,      -110.3817
       4.371142,     0.05008854,              0,       245.6835,      -111.4282
       4.373096,     0.05017352,              0,       255.2906,      -108.8651
       4.375049,     0.04998776,              0,       247.7932,      -106.7364
       4.377002,     0.04988975,              0,       240.7273,       -109.666
       4.378955,     0.05015157,              0,       254.3048,      -110.9033
       4.380908,      0.0501604,              0,       261.3488,      -108.4576
       4.382861,     0.04994455,              0,       253.3517,      -107.5102
       4.384814,     0.04990951,              0,       246.2909,      -109.6325
       4.386767,     0.05005676,              0,       255.1866,      -112.3179
       4.388721,     0.05024022,              0,       271.8324,      -110.2957
       4.390674,     0.05005112,              0,       266.8892,      -107.1872
       4.392627,     0.04994455,              0,        259.742,      -106.8528
        4.39458,     0.05000266,              0,        259.364,       -108.706
       4.396533,     0.05001205,              0,       263.9791,      -110.5933
       4.398486,     0.05012906,              0,       272.4174,       -109.987
       4.400459,     0.05006096,              0,       271.5801,      -109.0055
       4.402412,     0.04998533,              0,       268.3333,      -108.7079
       4.404356,     0.04998145,              0,       268.8224,      -110.3075
       4.406309,     0.05007878,              0,       274.9997,      -111.3212
       4.408262,      0.0501284,              0,       280.6491,      -110.0156
       4.410215,     0.05004302,              0,        279.104,      -109.3295
       4.412168,     0.05005004,              0,       279.0748,      -109.6115
       4.414121,     0.05005325,              0,       283.5033,      -109.9727
       4.416074,     0.05008967,              0,       287.1142,      -108.7429
       4.418027,     0.05002569,              0,       288.9879,      -108.5647
       4.419981,     0.04998111,              0,       285.3034,      -108.1246
       4.421934,     0.04999204,              0,       284.5973,      -109.5257
       4.423887,     0.05008489,              0,       290.9673,      -110.2639
        4.42584,     0.05007949,              0,       294.1283,       -110.002
       4.427793,     0.05006886,              0,       295.2568,      -109.9676
       4.429746,     0.05000738,              0,       295.1986,      -109.6673
       4.431699,     0.05004203,              0,       296.9557,       -109.816
       4.433652,     0.05001843,              0,       297.3045,       -110.706
       4.435606,     0.05010108,              0,       304.2983,      -110.5806
       4.437559,     0.05008018,              0,       305.6743,       -109.391
       4.439512,     0.04999788,              0,         303.46,      -109.4735
       4.441465,     0.05002456,              0,       305.1198,       -110.414
       4.443418,     0.05007672,              0,       308.4222,      -110.3638
       4.445371,     0.04998771,              0,       305.7838,      -110.8812
       4.447324,     0.04998505,              0,       308.3196,       -112.577
       4.449277,     0.05016398,              0,       317.2453,      -111.9969
       4.451231,     0.05012422,              0,       319.4073,      -110.3425
       4.453184,     0.04991148,              0,       312.2094,      -110.6289
       4.455137,     0.04997029,              0,       313.6136,      -112.5352
        4.45709,     0.05014046,              0,       324.9983,      -112.7092
       4.459043,     0.05012857,              0,        327.125,      -110.7562
       4.460996,     0.05000961,              0,       325.4859,      -110.5123
       4.462949,     0.05005143,              0,       327.6923,      -110.1105
       4.464902,     0.04997809,              0,       325.3929,      -110.0932
       4.466856,     0.05005368,              0,        325.871,       -110.716
       4.468818,      0.0500073,              0,       329.6606,      -111.7708
       4.470771,     0.05011743,              0,       337.2787,      -111.2593
       4.472724,     0.05009263,              0,       339.9906,      -110.2348
       4.474678,     0.05001579,              0,       337.4445,      -110.0501
       4.476631,      0.0500024,              0,       338.0701,      -110.7437
       4.478584,     0.04999653,              0,       339.3478,      -111.2271
       4.480537,     0.05001742,              0,       340.7225,      -112.0691
        4.48249,     0.05002027,              0,       345.4622,       -112.709
       4.484443,     0.05012403,              0,       351.0279,      -112.0096
       4.486396,      0.0500685,              0,       352.2914,       -111.212
       4.488349,      0.0499394,              0,       347.6822,      -111.4884
       4.490303,     0.05007832,              0,       352.8365,      -112.2454
       4.492256,     0.05009103,              0,       358.0036,      -112.1162
       4.494209,      0.0500313,              0,       358.2228,      -111.4802
       4.496162,      0.0500052,              0,       356.4719,      -111.2113
       4.498115,     0.04999096,              0,       357.4435,      -112.3849
       4.500068,     0.05002025,              0,       361.9041,      -113.3847
       4.502021,     0.05007928,              0,       366.5212,      -113.6111
       4.503974,     0.05013055,              0,       371.5404,      -112.4039
       4.505928,     0.05003603,              0,       370.1804,      -111.5266
       4.507881,     0.05003688,              0,       370.1154,      -111.6698
       4.509834,      0.0501431,              0,       377.8065,       -111.588
       4.511787,     0.05010826,              0,       379.2148,      -110.0215
        4.51374,     0.04990189,              0,       374.1409,      -110.5544
       4.515693,     0.04996687,              0,       375.0179,      -112.4709
       4.517646,     0.05002571,              0,       380.7081,        -113.29
       4.519599,     0.05005233,              0,       382.9955,      -113.6028
       4.521553,     0.05005739,              0,       386.6507,      -113.7945
       4.523506,     0.05019623,              0,       396.0255,      -112.9499
       4.525459,     0.05008516,              0,       395.8111,      -111.9891
       4.527412,     0.05006381,              0,       397.4755,      -111.5665
       4.529365,     0.05005992,              0,       396.5924,      -111.4756
       4.531318,     0.04995966,              0,       396.0513,      -112.2958
       4.533271,     0.05003963,              0,       400.6992,      -113.3557
       4.535234,     0.05002844,              0,       403.1299,      -113.4397
       4.537188,     0.05014371,              0,       408.9826,      -112.7891
       4.539141,     0.05009426,              0,       410.8585,      -112.0576
       4.541094,     0.05002912,              0,       409.9367,      -111.9588
       4.543047,     0.04996493,              0,       409.4648,      -112.4673
          4.545,     0.05004523,              0,       412.7434,      -113.2089
       4.546953,     0.05000841,              0,       413.5727,      -113.8509
       4.548906,     0.05010352,              0,       421.0322,      -113.6152
       4.550859,     0.05000889,              0,       418.8253,      -113.8148
       4.552813,     0.05001551,              0,       422.0803,      -114.1936
       4.554766,     0.05007937,              0,       425.7878,      -114.6695
       4.556719,      0.0501086,              0,       430.1149,      -114.1339
       4.558662,     0.05005438,              0,       431.0908,      -113.7265
       4.560625,     0.05004102,              0,       431.8088,      -114.0008
       4.562578,     0.05007781,              0,       436.0756,      -114.0539
       4.564531,     0.05002161,              0,       436.1497,      -114.1244
       4.566484,     0.05007007,              0,       440.1901,      -114.3301
       4.568438,     0.05009396,              0,       443.5242,      -113.5665
       4.570391,     0.05002991,              0,       444.0738,      -113.3416
       4.572344,      0.0499736,              0,       442.7295,       -113.923
       4.574297,     0.05003881,              0,       446.2321,      -114.2895
        4.57625,     0.05005788,              0,       450.2679,      -114.3473
       4.578203,     0.05002083,              0,       452.5278,      -114.3626
       4.580156,     0.05008197,              0,       455.4029,      -114.3812
       4.582109,     0.04998639,              0,        454.617,      -114.6591
       4.584063,     0.05003042,              0,       459.2939,      -115.0232
       4.586016,     0.05005397,              0,       461.3883,      -115.2828
       4.587969,     0.05002555,              0,       465.5685,      -115.5973
       4.589922,     0.05010051,              0,       470.0807,      -115.4177
       4.591875,     0.05012045,              0,       472.2797,      -114.5107
       4.593828,     0.05002066,              0,       469.8425,      -114.1531
       4.595781,     0.04991453,              0,       468.2643,      -115.3348
       4.597734,     0.05002048,              0,       474.3245,      -116.4395
       4.599688,     0.05005989,              0,       479.9739,      -116.4836
        4.60165,     0.05009597,              0,        481.207,      -116.5118
       4.603603,     0.05001644,              0,       483.0225,      -116.7955
       4.605556,     0.05007048,              0,        486.177,      -116.8223
        4.60751,      0.0500247,              0,       487.7202,      -117.2824
       4.609463,     0.05011296,              0,       493.2075,      -117.0247
       4.611416,     0.05013526,              0,       497.5225,      -116.0764
       4.613369,     0.05004863,              0,       496.6756,      -115.3459
       4.615322,     0.04999641,              0,       496.0878,      -115.2719
       4.617275,     0.04997667,              0,       497.3464,       -116.012
       4.619228,     0.05011017,              0,       503.8941,      -115.8435
       4.621181,     0.05015534,              0,       507.9706,      -115.3484
       4.623135,     0.04993675,              0,       503.5816,      -115.5252
       4.625088,       0.049921,              0,       502.4014,      -117.0607
       4.627041,     0.04997138,              0,       507.1035,      -118.5707
       4.628994,     0.05006538,              0,        513.316,      -118.9753
       4.630947,     0.05017821,              0,       521.1219,       -118.405
         4.6329,     0.05009747,              0,       523.1109,      -117.6591
       4.634853,     0.05001425,              0,       520.3129,      -117.5748
       4.636806,     0.05003101,              0,       522.5114,       -117.695
        4.63876,     0.05002119,              0,       525.6625,      -117.9502
       4.640713,     0.04999313,              0,       528.2743,      -118.8027
       4.642666,     0.05003425,              0,       534.8486,       -119.143
       4.644619,     0.05007124,              0,        539.967,      -119.1818
       4.646572,     0.05002693,              0,       542.2233,       -119.386
       4.648525,     0.04996009,              0,         543.45,      -120.0075
       4.650478,     0.04987109,              0,       542.3701,      -121.1205
       4.652431,     0.04995554,              0,       546.9448,      -122.4921
       4.654385,     0.04996806,              0,       550.7206,      -123.1267
       4.656338,     0.05008212,              0,        557.993,      -123.4585
       4.658291,     0.05021849,              0,       564.8539,      -122.3385
       4.660244,      0.0502123,              0,       567.1481,      -120.4719
       4.662197,     0.04998074,              0,       560.3367,      -119.6937
        4.66415,     0.04971415,              0,       551.9046,      -122.1418
       4.666103,     0.04998775,              0,       563.4528,      -123.9275
       4.668056,     0.05030113,              0,       577.1707,      -122.9391
        4.67001,     0.05019319,              0,       576.8184,      -121.2367
       4.671973,     0.05009899,              0,       574.6613,      -120.5919
       4.673926,     0.04993569,              0,       572.6443,       -121.225
       4.675879,     0.04990079,              0,       573.0187,      -122.4439
       4.677832,     0.04994489,              0,       577.8334,      -123.9048
       4.679785,     0.05015988,              0,       589.3225,      -123.8135
       4.681738,     0.05034908,              0,         595.88,      -121.6612
       4.683692,     0.05006656,              0,       592.1638,      -120.6131
       4.685645,     0.04980389,              0,       585.9429,       -121.898
       4.687598,     0.04981381,              0,       586.8376,      -124.0579
       4.689551,     0.05006485,              0,        597.787,      -124.6364
       4.691504,     0.05017408,              0,       604.3012,      -123.7908
       4.693457,     0.05005168,              0,       601.8603,      -123.1074
        4.69541,     0.05004354,              0,       603.4826,      -123.1296
       4.697363,     0.04998183,              0,       603.3275,      -123.3085
       4.699317,     0.05008451,              0,       608.9424,      -123.2012
        4.70127,     0.04994388,              0,       603.7485,      -123.3784
       4.703223,     0.04976943,              0,       603.0499,      -125.0675
       4.705176,     0.04993588,              0,       613.5053,       -125.986
       4.707129,     0.04994144,              0,       614.6551,      -126.2601
       4.709082,     0.05013958,              0,       619.8132,      -125.8493
       4.711035,      0.0501362,              0,       623.5818,      -125.2612
       4.712988,     0.05006561,              0,       624.9878,      -124.7615
       4.714942,     0.04991816,              0,       621.6196,      -125.1279
       4.716895,     0.04999403,              0,       624.8004,      -125.5716
       4.718848,     0.04981985,              0,        623.588,       -126.659
        4.72081,     0.04998461,              0,       632.5988,      -127.3594
       4.722764,      0.0500743,              0,       639.6995,      -127.2307
       4.724717,     0.05006013,              0,        644.275,      -126.8753
        4.72667,      0.0499589,              0,       645.1465,      -126.9088
       4.728623,     0.04979734,              0,       642.1348,      -127.9542
       4.730576,     0.04995865,              0,       649.5782,       -128.662
       4.732529,     0.05028445,              0,       659.5562,      -127.2703
       4.734482,     0.05026099,              0,         662.37,       -125.964
       4.736435,     0.05009187,              0,       661.7261,      -125.1237
       4.738389,     0.04992883,              0,       658.1426,      -125.4743
       4.740342,     0.04963546,              0,       652.2159,      -127.5549
       4.742295,     0.04970149,              0,        654.976,      -129.8376
       4.744248,     0.04991693,              0,        664.562,      -130.7945
       4.746201,     0.05017436,              0,        675.152,      -130.3121
       4.748154,     0.05027841,              0,       682.3026,      -128.6604
       4.750107,     0.05015013,              0,       678.8642,      -127.6882
        4.75206,      0.0497498,              0,       674.6882,        -129.07
       4.754014,     0.04956184,              0,       673.4631,      -131.1782
       4.755967,      0.0498252,              0,       681.1647,      -132.8982
        4.75792,     0.05005619,              0,       690.1733,      -132.8848
       4.759873,     0.05014871,              0,       692.9493,      -132.1942
       4.761826,     0.04998565,              0,       693.6351,      -132.3411
       4.763779,      0.0499362,              0,       694.9095,      -132.7147
       4.765732,     0.04968238,              0,       692.5267,       -134.327
       4.767685,       0.049587,              0,       694.7186,      -136.4698
       4.769639,     0.05049299,              0,       713.0774,      -134.8814
       4.771592,     0.05066439,              0,       718.6606,      -131.6391
       4.773545,     0.05040982,              0,       716.7349,      -129.0265
       4.775498,     0.04980922,              0,       704.2577,      -129.3189
       4.777442,     0.04943353,              0,       696.2523,      -131.9061
       4.779395,     0.04951946,              0,       700.9938,      -134.7698
       4.781348,     0.04967432,              0,       709.0254,      -137.1484
       4.783301,     0.05027698,              0,       725.5663,      -136.2573
       4.785254,     0.05069398,              0,       743.0676,      -133.5743
       4.787207,      0.0507227,              0,       749.2596,      -130.1122
        4.78916,     0.05028882,              0,       741.3522,      -127.8339
       4.791113,     0.04982865,              0,       730.1547,      -128.2347
       4.793067,     0.04965573,              0,       727.2327,      -129.6185
        4.79502,     0.04963204,              0,       727.3515,      -131.4165
       4.796973,     0.04973029,              0,       735.3464,      -133.0359
       4.798926,     0.05000444,              0,       743.2468,      -133.4626
       4.800879,     0.05003973,              0,       750.7913,      -133.4432
       4.802852,     0.05005817,              0,       754.2464,      -133.2087
       4.804805,     0.05004632,              0,       754.9093,      -133.1156
       4.806758,     0.04980665,              0,       754.7742,       -134.003
       4.808711,     0.04974791,              0,       759.6823,      -135.1116
       4.810664,     0.05010035,              0,       767.8474,      -134.9511
       4.812617,     0.05017962,              0,       770.0881,      -134.4358
        4.81457,     0.04985473,              0,       768.3344,      -134.8076
       4.816524,     0.04978692,              0,       767.3821,      -135.7016
       4.818477,     0.04976109,              0,       771.5247,      -136.8026
        4.82043,     0.04993435,              0,       778.5648,      -137.4368
       4.822383,     0.05042084,              0,       793.2911,      -135.9561
       4.824336,      0.0501927,              0,       792.1528,      -134.8235
       4.826289,      0.0498476,              0,       789.2355,      -135.2554
       4.828242,     0.04978696,              0,       788.9679,      -136.1086
       4.830195,     0.04965353,              0,       789.5278,      -137.5562
       4.832149,     0.04977091,              0,       794.1893,      -138.6573
       4.834092,     0.04987738,              0,       797.9998,      -139.3082
       4.836045,     0.04980071,              0,       804.5743,      -139.6816
       4.837998,     0.04967439,              0,       802.2251,      -140.8357
       4.839951,     0.04962366,              0,       803.7542,      -142.5649
       4.841904,     0.04975942,              0,       810.1183,      -143.9235
       4.843857,     0.04970475,              0,       814.0958,      -144.9881
        4.84581,      0.0500042,              0,       818.7332,      -144.9456
       4.847764,     0.04971459,              0,       818.4979,       -145.605
       4.849717,     0.04940732,              0,       815.0901,      -148.2787
        4.85167,     0.04979217,              0,       824.4346,      -149.4638
       4.853623,     0.04981285,              0,       829.2531,      -150.6366
       4.855576,     0.04976986,              0,       833.4489,       -151.644
       4.857529,     0.04982495,              0,       835.0184,      -152.1998
       4.859482,      0.0492643,              0,       828.7921,      -155.1624
       4.861435,     0.04972744,              0,       838.2014,      -156.6743
       4.863389,     0.05023946,              0,       847.6536,       -156.063
       4.865342,     0.05024894,              0,       850.1031,      -155.0145
       4.867295,     0.04973956,              0,       846.2737,      -155.9817
       4.869248,     0.04982283,              0,       853.5008,        -156.85
       4.871201,      0.0498301,              0,        854.532,      -157.6812
       4.873154,     0.05019632,              0,       866.1801,      -157.4095
       4.875107,     0.04997406,              0,       861.1202,       -157.272
        4.87706,     0.04967231,              0,       860.0355,      -158.8976
       4.879014,     0.04979858,              0,       864.4205,      -159.7596
       4.880986,     0.04962383,              0,       864.4526,      -161.5292
       4.882939,      0.0494135,              0,       862.3257,      -164.2487
       4.884892,     0.04990587,              0,        871.588,      -165.2615
       4.886846,      0.0498631,              0,       871.1614,      -165.8437
       4.888799,     0.04967862,              0,       873.3359,      -167.5268
       4.890742,     0.04952098,              0,       870.9515,      -169.8369
       4.892695,     0.04981541,              0,       877.1171,      -171.2888
       4.894649,     0.04995755,              0,       884.7203,      -171.4234
       4.896602,     0.05020097,              0,       892.3171,      -170.3257
       4.898555,     0.04988104,              0,       886.8189,      -170.9224
       4.900508,     0.04919955,              0,       874.9886,      -174.8324
       4.902461,     0.04911926,              0,       871.0339,       179.7954
       4.904414,     0.04918807,              0,       868.4098,       174.4786
       4.906367,     0.04965086,              0,       877.9482,       171.6655
        4.90832,       0.049855,              0,       887.0788,       170.9576
       4.910274,     0.04998369,              0,       892.3391,       171.0628
       4.912227,     0.04970517,              0,        886.162,       169.2532
        4.91418,     0.04953643,              0,       883.5991,       165.8548
       4.916133,     0.04953717,              0,       882.8562,       162.1979
       4.918086,     0.04948099,              0,       881.7668,       158.6657
       4.920039,     0.04992652,              0,       884.3491,       157.0571
       4.921992,     0.04959251,              0,       878.3749,        153.472
       4.923945,     0.04958766,              0,       871.8142,       148.3039
       4.925899,     0.04971224,              0,       866.1478,       143.7269
       4.927852,     0.04970689,              0,       869.1876,       139.8999
       4.929805,     0.04975789,              0,       871.5979,       138.0804
       4.931758,     0.05003178,              0,       858.3787,       133.9494
       4.933711,     0.04986718,              0,       849.4998,       129.0032
       4.935664,     0.04998766,              0,       829.9948,       121.5187
       4.937617,     0.05036535,              0,       800.3785,       111.1959
        4.93957,      0.0509951,              0,        749.849,       95.37888
       4.941524,     0.05330271,              0,       643.7028,       68.25194
       4.943477,     0.05738038,              0,       416.8004,       7.363945
        4.94543,      0.0488902,              0,       257.6999,      -144.3981
       4.947383,     0.04563614,              0,       362.4053,       87.87251
       4.949346,     0.05670837,              0,       190.9622,      -25.09152
       4.951299,     0.04480753,              0,       223.8964,       135.5925
       4.953252,      0.0538822,              0,        189.813,       22.49797
       4.955205,     0.04817908,              0,       129.3265,       159.4747
       4.957158,     0.05101154,              0,       167.8652,       43.82046
       4.959111,     0.04983528,              0,       71.26412,        169.011
       4.961064,     0.04972814,              0,       145.5871,       59.08807
       4.963017,     0.05056308,              0,        37.3732,       160.2823
       4.964971,     0.04929814,              0,       128.5033,       68.41877
       4.966924,     0.05072127,              0,       26.64754,       127.5095
       4.968877,     0.04940252,              0,       110.3134,       68.83311
        4.97083,     0.05040163,              0,       35.47489,       108.7655
       4.972783,     0.04962303,              0,       96.46568,        69.1033
       4.974736,      0.0501789,              0,       48.54769,        104.521
       4.976689,     0.04992832,              0,       86.57182,        66.9614
       4.978642,      0.0499014,              0,       57.34066,       101.3351
       4.980596,     0.05010375,              0,       78.41518,       65.98614
       4.982549,     0.04981328,              0,       62.21998,       97.95386
       4.984502,     0.05024669,              0,       69.66721,       65.66669
       4.986455,     0.04971348,              0,       67.66344,       94.53316
       4.988408,      0.0503158,              0,       66.48795,       67.45033
       4.990361,     0.04970149,              0,       68.16007,       90.52939
       4.992314,     0.05022892,              0,       59.02018,       74.75969
       4.994267,     0.04975579,              0,       68.38985,       84.44333
       4.996221,      0.0501635,              0,       58.87075,       76.92375
       4.998174,     0.04982712,              0,       68.45062,       83.74954
       5.000127,     0.05016053,              0,       56.69566,       78.61356
        5.00208,     0.04981836,              0,       67.18781,        81.6613
       5.004033,     0.05012716,              0,       55.83169,       81.26405
       5.005986,     0.04995063,              0,       65.75378,       77.11761
       5.007939,     0.04993006,              0,       61.67172,       82.59391
       5.009902,     0.04999435,              0,       62.08581,       82.59499
       5.011856,     0.05002185,              0,       58.92874,       77.54964
       5.013809,     0.04991082,              0,       62.63636,       80.94676
       5.015762,     0.05003412,              0,       59.86351,       79.91299
       5.017715,     0.05006132,              0,       60.56154,       78.37898
       5.019668,     0.04986712,              0,       64.54852,       82.52015
       5.021621,     0.05010774,              0,       56.37873,        81.5312
       5.023574,     0.04996883,              0,       64.64992,       78.09747
       5.025527,     0.04994769,              0,       60.88575,       83.28744
       5.027481,     0.05005158,              0,       59.31849,       77.12712
       5.029434,     0.05001009,              0,       58.61651,       82.83994
       5.031387,     0.05002308,              0,       55.84736,       77.73469
        5.03334,      0.0498766,              0,       63.88796,       80.39621
       5.035293,     0.05005127,              0,       56.81779,       82.65897
       5.037246,     0.04999907,              0,       59.39521,       77.17793
       5.039199,     0.04996695,              0,       57.87223,       82.22064
       5.041152,      0.0499846,              0,       56.91983,       78.25249
       5.043106,     0.04993077,              0,        59.8113,       82.11998
       5.045059,     0.05005524,              0,       55.63462,        78.0992
       5.047012,     0.04998533,              0,       58.57935,       81.92813
       5.048965,     0.04994738,              0,       56.43127,       80.08077
       5.050918,     0.04998105,              0,       58.52749,       80.31977
       5.052871,     0.05002949,              0,       54.63384,       80.72185
       5.054824,     0.04996264,              0,       58.42727,       77.91354
       5.056777,      0.0498952,              0,       60.81844,       82.85598
       5.058731,     0.05009983,              0,       52.03019,       81.94534
       5.060684,     0.04994147,              0,       60.90237,       74.87914
       5.062637,     0.04993761,              0,       57.99738,       82.39181
        5.06459,     0.05009552,              0,       52.76283,       73.64251
       5.066543,     0.04996208,              0,       58.13199,       81.77223
       5.068496,     0.05009022,              0,       49.99663,       81.82214
       5.070449,     0.05006784,              0,       55.34534,       72.10002
       5.072412,     0.04982796,              0,       60.46519,       82.82288
       5.074365,     0.05005106,              0,        51.2775,       83.85079
       5.076318,     0.05000944,              0,       55.24798,       77.16636
       5.078271,      0.0499178,              0,       57.89944,       82.58012
       5.080225,     0.05007645,              0,       52.99589,       80.65092
       5.082178,     0.04990209,              0,       56.83439,       79.62475
       5.084131,      0.0498644,              0,       54.57714,        82.2418
       5.086084,      0.0500091,              0,       57.64791,       79.18706
       5.088037,     0.04995543,              0,        54.3772,       82.26601
        5.08999,     0.05009012,              0,       53.27919,       77.78339
       5.091943,     0.05004634,              0,       54.52298,       78.96971
       5.093896,     0.04993017,              0,       55.36239,       82.72559
        5.09585,     0.05003104,              0,       52.62698,       76.40516
       5.097803,     0.04981161,              0,       57.24543,       80.01598
       5.099756,     0.05008104,              0,       50.56677,       82.61207
       5.101709,     0.05005431,              0,       52.77462,       76.74023
       5.103662,     0.04995715,              0,       53.13455,       83.51842
       5.105615,     0.05011556,              0,       50.37251,       77.31897
       5.107568,     0.04997618,              0,       55.47737,       77.18949
       5.109521,      0.0499257,              0,       53.71367,       85.26496
       5.111475,     0.05006685,              0,       49.75526,       79.06866
       5.113428,      0.0499384,              0,       53.70203,        79.7784
       5.115381,     0.05002119,              0,        50.0965,       79.19448
       5.117334,     0.04998897,              0,       52.94199,       80.17035
       5.119287,     0.05003271,              0,       50.10033,       81.74429
        5.12124,      0.0500185,              0,        53.0465,       78.32808
       5.123193,     0.04992809,              0,       53.39929,       85.01072
       5.125146,     0.05017959,              0,       46.62417,       80.18799
         5.1271,     0.04999006,              0,       51.70525,        75.8483
       5.129053,     0.04988758,              0,       54.57189,       83.07549
       5.131006,     0.05008685,              0,       46.95075,       83.66584
       5.132959,     0.05006618,              0,       48.55968,       73.94481
       5.134912,     0.04992107,              0,       52.49261,       79.56322
       5.136875,      0.0500294,              0,       50.07719,       82.79219
       5.138828,     0.05011479,              0,       49.60625,       77.15376
       5.140781,     0.04997345,              0,       51.30252,       80.96404
       5.142735,     0.05007637,              0,       47.47086,       82.97359
       5.144688,     0.05000881,              0,       50.97704,       77.62717
       5.146641,     0.04992901,              0,       52.65251,        81.8823
       5.148594,     0.05011114,              0,       44.93766,       81.48438
       5.150547,     0.05008122,              0,       49.37555,       77.38129
         5.1525,     0.04994077,              0,       51.11074,       79.82581
       5.154453,     0.04996212,              0,       48.31624,       83.06301
       5.156406,     0.05014421,              0,       47.01495,       74.66074
        5.15836,      0.0498817,              0,       53.83384,       80.06976
       5.160313,     0.04999086,              0,       44.80788,       88.56235
       5.162266,     0.05015792,              0,       42.14893,       70.56158
       5.164219,     0.04982538,              0,        55.2833,       78.55869
       5.166172,     0.04995988,              0,        46.0991,       87.56816
       5.168125,     0.05010297,              0,       44.24677,       73.77423
       5.170078,     0.04988091,              0,       54.35048,        76.5913
       5.172031,     0.04998982,              0,       47.22049,       87.80662
       5.173985,     0.05016343,              0,       41.78115,       77.71288
       5.175938,     0.05000988,              0,       48.24968,       71.61021
       5.177891,     0.04987681,              0,       51.15698,        80.8232
       5.179844,     0.05004101,              0,       42.81804,        88.6422
       5.181797,     0.05007832,              0,       43.95611,       71.62475
        5.18375,     0.04979739,              0,       51.65294,       80.88706
       5.185703,     0.04999634,              0,       43.37475,       88.68146
       5.187656,     0.05018998,              0,       41.65509,       70.16501
        5.18961,     0.04981762,              0,        52.5113,       76.15686
       5.191563,     0.04995435,              0,       47.48709,       88.44392
       5.193516,     0.05018225,              0,        39.8637,       78.45183
       5.195469,     0.04999312,              0,       47.51022,       72.95937
       5.197422,     0.04995123,              0,       48.94841,        85.2303
